featurization,target,fold,epoch,step,train_loss_epoch,train_loss_step,val/accuracy,val/binary-mcc,val/f1,val/prc,val/roc,val_loss
exp_2_cip_rs_singletask,R/S_class,0,0,36.142857142857146,0.6737620830535889,0.6659582614898681,1.0,0.1793137192726135,1.0,1.0,1.0,0.5297112464904785
exp_2_cip_rs_singletask,R/S_class,0,1,90.25,0.212796613574028,0.22317785076059707,1.0,0.9996297359466552,1.0,1.0,1.0,0.0001856596209108
exp_2_cip_rs_singletask,R/S_class,0,2,146.14285714285714,0.0001584855344844,8.330954533446755e-05,1.0,0.9998854994773864,1.0,1.0,1.0,5.731647252105176e-05
exp_2_cip_rs_singletask,R/S_class,0,3,200.25,6.403645238606259e-05,3.3421919852116844e-05,1.0,0.9999402761459352,1.0,1.0,1.0,2.988024425576441e-05
exp_2_cip_rs_singletask,R/S_class,0,4,256.14285714285717,4.597933730110526e-05,3.676776232168777e-05,1.0,0.9999566078186036,1.0,1.0,1.0,2.167409911635332e-05
exp_2_cip_rs_singletask,R/S_class,0,5,310.25,3.264524639234878e-05,3.1606040598338346e-05,1.0,0.9999709129333496,1.0,1.0,1.0,1.4542969438480212e-05
exp_2_cip_rs_singletask,R/S_class,0,6,366.14285714285717,2.0473165932344273e-05,2.6141848502447827e-05,1.0,0.99998277425766,1.0,1.0,1.0,8.563411938666832e-06
exp_2_cip_rs_singletask,R/S_class,0,7,420.25,1.4476240721705835e-05,7.006493069637567e-05,1.0,0.9999881982803344,1.0,1.0,1.0,5.824050276714843e-06
exp_2_cip_rs_singletask,R/S_class,0,8,476.14285714285717,5.6154560297727585e-05,0.00019206274464520916,1.0,0.999980092048645,1.0,1.0,1.0,9.921958735503722e-06
exp_2_cip_rs_singletask,R/S_class,0,9,530.25,1.1711879778886214e-05,1.887282474892042e-05,1.0,0.999990463256836,1.0,1.0,1.0,4.73690988656017e-06
exp_2_cip_rs_singletask,R/S_class,0,10,586.1428571428571,8.87148235051427e-06,3.239022419165849e-06,1.0,0.9999920129776,1.0,1.0,1.0,3.9343904063571244e-06
exp_2_cip_rs_singletask,R/S_class,0,11,640.25,7.514108801842667e-06,2.7446366554310466e-06,1.0,0.9999929666519164,1.0,1.0,1.0,3.432528956182068e-06
exp_2_cip_rs_singletask,R/S_class,0,12,696.1428571428571,6.601529094041325e-06,7.47927815609728e-06,1.0,0.999993860721588,1.0,1.0,1.0,3.055413799302187e-06
exp_2_cip_rs_singletask,R/S_class,0,13,750.25,5.94392440689262e-06,2.7482716736434063e-06,1.0,0.9999945759773254,1.0,1.0,1.0,2.63070569417323e-06
exp_2_cip_rs_singletask,R/S_class,0,14,806.1428571428571,5.182623226573924e-06,2.6408333042127195e-06,1.0,0.999995231628418,1.0,1.0,1.0,2.354635626033996e-06
exp_2_cip_rs_singletask,R/S_class,0,15,860.25,4.5962119656906e-06,2.67083301726719e-06,1.0,0.9999956488609314,1.0,1.0,1.0,2.116225459758425e-06
exp_2_cip_rs_singletask,R/S_class,0,16,916.1428571428571,4.16960438087699e-06,3.512769455937814e-06,1.0,0.9999960064888,1.0,1.0,1.0,1.927373659782461e-06
exp_2_cip_rs_singletask,R/S_class,0,17,970.25,3.823737188213272e-06,2.8088343810850347e-06,1.0,0.9999964237213136,1.0,1.0,1.0,1.7335356687908645e-06
exp_2_cip_rs_singletask,R/S_class,0,18,1026.142857142857,3.4963404687005095e-06,7.962397239680285e-06,1.0,0.999996781349182,1.0,1.0,1.0,1.583565449436719e-06
exp_2_cip_rs_singletask,R/S_class,0,19,1080.25,3.1433730782737257e-06,5.348443409047832e-06,1.0,0.999997079372406,1.0,1.0,1.0,1.4725139863003278e-06
exp_2_cip_rs_singletask,R/S_class,0,20,1136.142857142857,2.9311524940567324e-06,1.8480599919712403e-06,1.0,0.99999737739563,1.0,1.0,1.0,1.3219462289271178e-06
exp_2_cip_rs_singletask,R/S_class,1,0,36.142857142857146,0.6621267795562744,0.654764711856842,0.557894766330719,0.2572455406188965,0.2075471729040146,1.0,1.0,0.5163368582725525
exp_2_cip_rs_singletask,R/S_class,1,1,90.25,0.1157687902450561,0.10481897999610125,1.0,0.9974850416183472,1.0,1.0,1.0,0.0012691612355411
exp_2_cip_rs_singletask,R/S_class,1,2,146.14285714285714,0.0007456344319507,0.0002964125698781185,1.0,0.9997115135192872,1.0,1.0,1.0,0.000144513673149
exp_2_cip_rs_singletask,R/S_class,1,3,200.25,0.0001080362708307,5.517034029859739e-05,1.0,0.9997831583023072,1.0,1.0,1.0,0.000108670334157
exp_2_cip_rs_singletask,R/S_class,1,4,256.14285714285717,7.492652366636321e-05,0.0001089056906493698,1.0,0.999846875667572,1.0,1.0,1.0,7.674129301449284e-05
exp_2_cip_rs_singletask,R/S_class,1,5,310.25,4.829813406104222e-05,6.432541158572006e-05,1.0,0.9999088644981384,1.0,1.0,1.0,4.557463398668915e-05
exp_2_cip_rs_singletask,R/S_class,1,6,366.14285714285717,3.18514539685566e-05,3.828156277450034e-05,1.0,0.9999409317970276,1.0,1.0,1.0,2.9562732379417863e-05
exp_2_cip_rs_singletask,R/S_class,1,7,420.25,1.7232432583114132e-05,2.0783761556231184e-05,1.0,0.9999657273292542,1.0,1.0,1.0,1.7154081433545798e-05
exp_2_cip_rs_singletask,R/S_class,1,8,476.14285714285717,1.299364521401003e-05,1.5064452418300789e-05,1.0,0.99997216463089,1.0,1.0,1.0,1.3897686585551128e-05
exp_2_cip_rs_singletask,R/S_class,1,9,530.25,1.6283438526443206e-05,6.409854677258409e-06,1.0,0.9999823570251464,1.0,1.0,1.0,8.814259672362823e-06
exp_2_cip_rs_singletask,R/S_class,1,10,586.1428571428571,6.639565071964171e-06,6.413721848730347e-06,1.0,0.9999802112579346,1.0,1.0,1.0,9.88114970823517e-06
exp_2_cip_rs_singletask,R/S_class,1,11,640.25,5.740787855756935e-06,4.932920215120855e-06,1.0,0.999980092048645,1.0,1.0,1.0,9.960856004909148e-06
exp_2_cip_rs_singletask,R/S_class,1,12,696.1428571428571,4.6370673771889415e-06,1.5190887825156097e-05,1.0,0.999987244606018,1.0,1.0,1.0,6.37766288491548e-06
exp_2_cip_rs_singletask,R/S_class,1,13,750.25,4.31066655437462e-06,1.7569136237701362e-06,1.0,0.9999908208847046,1.0,1.0,1.0,4.609578354575206e-06
exp_2_cip_rs_singletask,R/S_class,1,14,806.1428571428571,3.7991667340975255e-06,1.996341939047852e-06,1.0,0.9999920725822448,1.0,1.0,1.0,3.949543497583363e-06
exp_2_cip_rs_singletask,R/S_class,1,15,860.25,3.301700871816138e-06,3.050638544740044e-06,1.0,0.9999920129776,1.0,1.0,1.0,4.013569196104072e-06
exp_2_cip_rs_singletask,R/S_class,1,16,916.1428571428571,2.593375256765285e-06,1.1227851302919588e-06,1.0,0.999991774559021,1.0,1.0,1.0,4.154747784923529e-06
exp_2_cip_rs_singletask,R/S_class,1,17,970.25,2.265162265757681e-06,4.227404507635886e-06,1.0,0.9999924302101136,1.0,1.0,1.0,3.81343534172629e-06
exp_2_cip_rs_singletask,R/S_class,1,18,1026.142857142857,2.2336889742291532e-06,3.85597569447782e-06,1.0,0.999994158744812,1.0,1.0,1.0,2.9237542094051605e-06
exp_2_cip_rs_singletask,R/S_class,1,19,1080.25,1.8910612880063129e-06,1.4824673660503624e-06,1.0,0.999994456768036,1.0,1.0,1.0,2.7468254302220885e-06
exp_2_cip_rs_singletask,R/S_class,1,20,1136.142857142857,1.6728888567740796e-06,1.762376382430375e-06,1.0,0.999993622303009,1.0,1.0,1.0,3.2268042104988126e-06
exp_2_cip_rs_singletask,R/S_class,1,21,1190.25,1.5965779311954975e-06,4.910025997636088e-07,1.0,0.999994933605194,1.0,1.0,1.0,2.490215138095664e-06
exp_2_cip_rs_singletask,R/S_class,1,22,1246.142857142857,1.4290083072410198e-06,5.945533416706894e-07,1.0,0.9999954700469972,1.0,1.0,1.0,2.2768936105421744e-06
exp_2_cip_rs_singletask,R/S_class,2,0,36.142857142857146,0.6779983639717102,0.6812891840934754,0.9842105507850648,0.1756889820098877,0.984455943107605,1.0,1.0,0.5347495079040527
exp_2_cip_rs_singletask,R/S_class,2,1,90.25,0.3344604074954986,0.5336366767684618,0.9736841917037964,0.7125563025474548,0.9729729890823364,1.0,1.0,0.1786517649888992
exp_2_cip_rs_singletask,R/S_class,2,2,146.14285714285714,0.0242092907428741,0.01267620738362886,1.0,0.999720811843872,1.0,1.0,1.0,0.0001397917076246
exp_2_cip_rs_singletask,R/S_class,2,3,200.25,0.0001070119760697,0.00013614285762741726,1.0,0.9999626874923706,1.0,1.0,1.0,1.8659706256585196e-05
exp_2_cip_rs_singletask,R/S_class,2,4,256.14285714285717,4.787440047948621e-05,9.843003717832147e-05,1.0,0.9999791979789734,1.0,1.0,1.0,1.0349639524065424e-05
exp_2_cip_rs_singletask,R/S_class,2,5,310.25,2.4752178433118388e-05,3.855389801780114e-05,1.0,0.999987006187439,1.0,1.0,1.0,6.409000434359768e-06
exp_2_cip_rs_singletask,R/S_class,2,6,366.14285714285717,1.661988608248066e-05,3.0188582013562842e-05,1.0,0.9999905824661256,1.0,1.0,1.0,4.6817708607704844e-06
exp_2_cip_rs_singletask,R/S_class,2,7,420.25,1.2876521395810414e-05,8.620005549649553e-06,1.0,0.999991536140442,1.0,1.0,1.0,4.208082827972248e-06
exp_2_cip_rs_singletask,R/S_class,2,8,476.14285714285717,1.1492453268147074e-05,1.9079572166447178e-05,1.0,0.9999961256980896,1.0,1.0,1.0,1.8860109776142051e-06
exp_2_cip_rs_singletask,R/S_class,2,9,530.25,6.0668858168355655e-06,6.694587770065634e-06,1.0,0.999997854232788,1.0,1.0,1.0,1.0571868642728075e-06
exp_2_cip_rs_singletask,R/S_class,2,10,586.1428571428571,5.519900241779396e-06,5.4374585829464195e-06,1.0,0.9999979734420776,1.0,1.0,1.0,1.0515489066165171e-06
exp_2_cip_rs_singletask,R/S_class,2,11,640.25,4.014249043393647e-06,5.269494423032484e-06,1.0,0.9999985098838806,1.0,1.0,1.0,7.403502308989118e-07
exp_2_cip_rs_singletask,R/S_class,2,12,696.1428571428571,3.5818534342979547e-06,6.337725238836356e-06,1.0,0.9999986886978148,1.0,1.0,1.0,6.380822696883115e-07
exp_2_cip_rs_singletask,R/S_class,2,13,750.25,3.0339772365550743e-06,4.0218705284663274e-06,1.0,0.999998927116394,1.0,1.0,1.0,5.514990562005551e-07
exp_2_cip_rs_singletask,R/S_class,2,14,806.1428571428571,2.4678438421688043e-06,7.196600972747547e-06,1.0,0.9999991059303284,1.0,1.0,1.0,4.184865929346415e-07
exp_2_cip_rs_singletask,R/S_class,2,15,860.25,2.141950744771748e-06,2.350584026089564e-06,1.0,0.9999993443489076,1.0,1.0,1.0,3.312755723072769e-07
exp_2_cip_rs_singletask,R/S_class,3,0,36.142857142857146,0.6750372052192688,0.6756642580032348,0.9684210419654846,0.1608138084411621,0.9693877696990968,1.0,1.0,0.5488147735595703
exp_2_cip_rs_singletask,R/S_class,3,1,90.25,0.1087633669376373,0.09886547142862882,1.0,0.998698592185974,1.0,1.0,1.0,0.0006570803234353
exp_2_cip_rs_singletask,R/S_class,3,2,146.14285714285714,0.0002185320190619,7.214697980088731e-05,1.0,0.9991748332977296,1.0,1.0,1.0,0.0004168812010902
exp_2_cip_rs_singletask,R/S_class,3,3,200.25,0.0001287050545215,7.97380201523068e-05,1.0,0.9994621872901917,1.0,1.0,1.0,0.0002711063425522
exp_2_cip_rs_singletask,R/S_class,3,4,256.14285714285717,8.612575038569048e-05,0.0001463653639802658,1.0,0.9994987845420836,1.0,1.0,1.0,0.0002531289646867
exp_2_cip_rs_singletask,R/S_class,3,5,310.25,4.776946661877446e-05,1.2028366124165283e-05,1.0,0.999887228012085,1.0,1.0,1.0,5.641525785904378e-05
exp_2_cip_rs_singletask,R/S_class,3,6,366.14285714285717,2.6227478883811273e-05,3.403068621992134e-05,1.0,0.999895453453064,1.0,1.0,1.0,5.233265255810693e-05
exp_2_cip_rs_singletask,R/S_class,3,7,420.25,2.4672872314113192e-05,1.1934987886282519e-05,1.0,0.9999194145202636,1.0,1.0,1.0,4.033243749290705e-05
exp_2_cip_rs_singletask,R/S_class,3,8,476.14285714285717,1.4660196939075831e-05,4.468517408895422e-06,1.0,0.999955415725708,1.0,1.0,1.0,2.222618968517054e-05
exp_2_cip_rs_singletask,R/S_class,3,9,530.25,9.904824764817022e-06,2.0172708540637054e-06,1.0,0.9999626874923706,1.0,1.0,1.0,1.8672022633836605e-05
exp_2_cip_rs_singletask,R/S_class,3,10,586.1428571428571,9.533084266877268e-06,2.577493751232396e-06,1.0,0.9999716281890868,1.0,1.0,1.0,1.412541405443335e-05
exp_2_cip_rs_singletask,R/S_class,3,11,640.25,8.126686225295998e-06,8.530930472261389e-06,1.0,0.9999815225601196,1.0,1.0,1.0,9.19747253647074e-06
exp_2_cip_rs_singletask,R/S_class,3,12,696.1428571428571,4.137731593800709e-06,5.906853846227022e-06,1.0,0.9999851584434508,1.0,1.0,1.0,7.346774964389624e-06
exp_2_cip_rs_singletask,R/S_class,3,13,750.25,3.3614398944337154e-06,2.684413426360758e-06,1.0,0.999987244606018,1.0,1.0,1.0,6.354369816108374e-06
exp_2_cip_rs_singletask,R/S_class,3,14,806.1428571428571,2.6506731956033036e-06,7.6554482575375e-07,1.0,0.9999898076057434,1.0,1.0,1.0,5.045586021878989e-06
exp_2_cip_rs_singletask,R/S_class,3,15,860.25,2.200280960096279e-06,2.964172445274471e-06,1.0,0.999991238117218,1.0,1.0,1.0,4.356725185061805e-06
exp_2_cip_rs_singletask,R/S_class,3,16,916.1428571428571,2.0620088889700128e-06,1.724991793139452e-06,1.0,0.9999918937683104,1.0,1.0,1.0,4.064756012667203e-06
exp_2_cip_rs_singletask,R/S_class,3,17,970.25,1.6991020856949035e-06,1.993258938644734e-06,1.0,0.9999935030937196,1.0,1.0,1.0,3.2230075248662615e-06
exp_2_cip_rs_singletask,R/S_class,3,18,1026.142857142857,1.467477318328747e-06,1.0202912221757288e-06,1.0,0.999994456768036,1.0,1.0,1.0,2.762426220215275e-06
exp_2_cip_rs_singletask,R/S_class,3,19,1080.25,1.4376690842254902e-06,7.585024638008994e-07,1.0,0.9999949932098388,1.0,1.0,1.0,2.486374569343752e-06
exp_2_cip_rs_singletask,R/S_class,3,20,1136.142857142857,1.0883032928177272e-06,3.5390071673191414e-07,1.0,0.9999949932098388,1.0,1.0,1.0,2.494600266800262e-06
exp_2_cip_rs_singletask,R/S_class,3,21,1190.25,1.0457699772814522e-06,8.794337568544345e-07,1.0,0.9999953508377076,1.0,1.0,1.0,2.2944573174754623e-06
exp_2_cip_rs_singletask,R/S_class,4,0,36.142857142857146,0.6728681921958923,0.6703689217567443,1.0,0.2319832444190979,1.0,1.0,1.0,0.4879144728183746
exp_2_cip_rs_singletask,R/S_class,4,1,90.25,0.1368097066879272,0.11730294119721894,1.0,0.9987112879753112,1.0,1.0,1.0,0.0006498886505141
exp_2_cip_rs_singletask,R/S_class,4,2,146.14285714285714,0.000738596136216,0.0008314179896842201,1.0,0.999688446521759,1.0,1.0,1.0,0.0001563249970786
exp_2_cip_rs_singletask,R/S_class,4,3,200.25,0.000267447438091,0.0003325790870197,1.0,0.999847650527954,1.0,0.9999999403953552,1.0,7.620445830980316e-05
exp_2_cip_rs_singletask,R/S_class,4,4,256.14285714285717,0.0001392457779729,0.0002111048539518077,1.0,0.9999096393585204,1.0,1.0,1.0,4.522258313954808e-05
exp_2_cip_rs_singletask,R/S_class,4,5,310.25,7.316473056562245e-05,0.00010545242730585138,1.0,0.999954879283905,1.0,1.0,1.0,2.2556985641131178e-05
exp_2_cip_rs_singletask,R/S_class,4,6,366.14285714285717,4.533226820058189e-05,5.3272239529178475e-05,1.0,0.9999762177467346,1.0,1.0,1.0,1.1847685527754948e-05
exp_2_cip_rs_singletask,R/S_class,4,7,420.25,2.4760583983152173e-05,3.752763935456945e-05,1.0,0.9999865889549256,1.0,1.0,1.0,6.652755018876633e-06
exp_2_cip_rs_singletask,R/S_class,4,8,476.14285714285717,1.6117732229758985e-05,9.548831530992175e-06,1.0,0.9999916553497314,1.0,1.0,1.0,4.125317445868859e-06
exp_2_cip_rs_singletask,R/S_class,4,9,530.25,9.747383955982514e-06,1.3917710361965874e-05,1.0,0.9999945759773254,1.0,1.0,1.0,2.719062649703119e-06
exp_2_cip_rs_singletask,R/S_class,4,10,586.1428571428571,7.417977940349374e-06,4.067565294008091e-06,1.0,0.9999955892562866,1.0,1.0,1.0,2.150748287021998e-06
exp_2_cip_rs_singletask,R/S_class,4,11,640.25,5.670317477779463e-06,8.172320292487711e-06,1.0,0.9999966621398926,1.0,1.0,1.0,1.6883576563486713e-06
exp_2_cip_rs_singletask,R/S_class,4,12,696.1428571428571,4.377541245048633e-06,5.30329734829138e-06,1.0,0.9999974966049194,1.0,1.0,1.0,1.2397188129398271e-06
exp_2_cip_rs_singletask,R/S_class,4,13,750.25,3.5763423511525616e-06,2.138078170806542e-06,1.0,0.999998152256012,1.0,1.0,1.0,9.549112292006612e-07
exp_2_cip_rs_singletask,R/S_class,4,14,806.1428571428571,2.944163725260296e-06,1.6107407873278135e-06,1.0,0.9999982714653016,1.0,1.0,1.0,8.457265039396589e-07
exp_2_cip_rs_singletask,R/S_class,4,15,860.25,2.4808425678202184e-06,7.778728251158403e-07,1.0,0.9999985694885254,1.0,1.0,1.0,6.355614914355101e-07
exp_2_cip_rs_singletask,R/S_class,4,16,916.1428571428571,2.3939855964272283e-06,1.935889473259067e-06,1.0,0.9999988079071044,1.0,1.0,1.0,5.684304369424353e-07
exp_2_cip_rs_singletask,R/S_class,4,17,970.25,1.8527745169194532e-06,1.6834573723182682e-06,1.0,0.9999990463256836,1.0,1.0,1.0,4.8435953203807e-07
exp_2_cip_rs_singletask,R/S_class,4,18,1026.142857142857,1.5889894484644174e-06,4.842843559060839e-07,1.0,0.9999991059303284,1.0,1.0,1.0,4.228763259561674e-07
exp_2_cip_rs_singletask,R/S_class,4,19,1080.25,1.3350410199564069e-06,4.006924072541551e-07,1.0,0.9999993443489076,1.0,1.0,1.0,3.337833049954497e-07
exp_2_cip_rs_singletask,R/S_class,4,20,1136.142857142857,1.1775932762247976e-06,1.5138742242015724e-06,1.0,0.999999463558197,1.0,1.0,1.0,2.823350655489776e-07
exp_2_cip_rs_singletask,R/S_class,4,21,1190.25,1.0613262020342518e-06,6.113616943063486e-07,1.0,0.9999995827674866,1.0,1.0,1.0,2.6476729431124113e-07
exp_2_cip_rs_singletask,@/@@_class,0,0,36.142857142857146,0.6941570043563843,0.6945977807044983,0.5,4.118680953979492e-05,0.0,0.5224716067314148,0.5116897821426392,0.6932569146156311
exp_2_cip_rs_singletask,@/@@_class,0,1,90.25,0.6935467720031738,0.6924195190270742,0.5,8.189678192138672e-05,0.6666666865348816,0.5322297811508179,0.5729639530181885,0.6934588551521301
exp_2_cip_rs_singletask,@/@@_class,0,2,146.14285714285714,0.6935972571372986,0.6940742373466492,0.4947368502616882,0.0002844929695129,0.0399999991059303,0.4835681319236755,0.5103046894073486,0.6928741335868835
exp_2_cip_rs_singletask,@/@@_class,0,3,200.25,0.693813681602478,0.6932923197746277,0.5,4.458427429199219e-05,0.6666666865348816,0.5190207958221436,0.5227146148681641,0.693156361579895
exp_2_cip_rs_singletask,@/@@_class,0,4,256.14285714285717,0.6934537291526794,0.693674099445343,0.5,0.0001267194747924,0.0,0.512073278427124,0.5311911702156067,0.6930562853813171
exp_2_cip_rs_singletask,@/@@_class,0,5,310.25,0.6931681632995605,0.6948742171128591,0.5105262994766235,0.0010558366775512,0.041237112134695,0.4814495146274566,0.4868698120117187,0.6924496293067932
exp_2_cip_rs_singletask,@/@@_class,0,6,366.14285714285717,0.6916345357894897,0.690996789932251,0.5736842155456543,0.0086840391159057,0.5090909004211426,0.6211611032485962,0.6457617282867432,0.6849859356880188
exp_2_cip_rs_singletask,@/@@_class,0,7,420.25,0.6815268397331238,0.6830024619897207,0.6473684310913086,0.0447900891304016,0.6666666865348816,0.7021970748901367,0.7019391059875488,0.657993495464325
exp_2_cip_rs_singletask,@/@@_class,0,8,476.14285714285717,0.6519941091537476,0.6495962023735047,0.6842105388641357,0.1494357585906982,0.708737850189209,0.7266570329666138,0.7198891639709473,0.6116305589675903
exp_2_cip_rs_singletask,@/@@_class,0,9,530.25,0.6087086200714111,0.633574495712916,0.7157894968986511,0.1959316730499267,0.7127659320831299,0.7661209106445312,0.7803877592086792,0.5720773935317993
exp_2_cip_rs_singletask,@/@@_class,0,10,586.1428571428571,0.5736303329467773,0.5653613209724426,0.6736842393875122,0.2214701175689697,0.6836734414100647,0.7453818321228027,0.7512465715408325,0.5906210541725159
exp_2_cip_rs_singletask,@/@@_class,0,11,640.25,0.5521156191825867,0.6101076702276865,0.7105262875556946,0.2670625448226928,0.7236180901527405,0.7832759618759155,0.7823822498321533,0.5681816339492798
exp_2_cip_rs_singletask,@/@@_class,0,12,696.1428571428571,0.5302507877349854,0.49176129698753357,0.6315789222717285,0.2023777961730957,0.6634615659713745,0.7380598783493042,0.7195568084716797,0.638504147529602
exp_2_cip_rs_singletask,@/@@_class,0,13,750.25,0.5166777968406677,0.5199019958575567,0.7157894968986511,0.3086474537849426,0.699999988079071,0.7962228059768677,0.802105188369751,0.5561899542808533
exp_2_cip_rs_singletask,@/@@_class,0,14,806.1428571428571,0.48909991979599,0.5123191118240357,0.6842105388641357,0.2865992784500122,0.6842105388641357,0.7846498489379883,0.7842658758163452,0.5728654265403748
exp_2_cip_rs_singletask,@/@@_class,0,15,860.25,0.4698673486709595,0.4402526964743932,0.678947389125824,0.274549663066864,0.6995074152946472,0.7809144854545593,0.7670913934707642,0.6049141883850098
exp_2_cip_rs_singletask,@/@@_class,0,16,916.1428571428571,0.4642042219638824,0.4653944671154022,0.699999988079071,0.3086615800857544,0.6850828528404236,0.7981671094894409,0.7946814298629761,0.5501388907432556
exp_2_cip_rs_singletask,@/@@_class,0,17,970.25,0.4421281814575195,0.4334377000729243,0.7052631378173828,0.3430773019790649,0.7227723002433777,0.8110105991363525,0.8078670501708984,0.5557194352149963
exp_2_cip_rs_singletask,@/@@_class,0,18,1026.142857142857,0.4311142265796661,0.48491435647010805,0.7157894968986511,0.3069913983345032,0.7157894968986511,0.7866175770759583,0.7853739261627197,0.5767244100570679
exp_2_cip_rs_singletask,@/@@_class,0,19,1080.25,0.4172288477420807,0.46272950371106464,0.7473683953285217,0.3519783020019531,0.7623762488365173,0.8186337947845459,0.8156232833862305,0.5379493236541748
exp_2_cip_rs_singletask,@/@@_class,0,20,1136.142857142857,0.4026713669300079,0.42961812019348145,0.74210524559021,0.3596490621566772,0.7562189102172852,0.8020776510238647,0.8057618141174316,0.5733445286750793
exp_2_cip_rs_singletask,@/@@_class,0,21,1190.25,0.4002266526222229,0.4051158626874288,0.7473683953285217,0.3682610392570495,0.7362637519836426,0.8190181255340576,0.8233795166015625,0.5428044199943542
exp_2_cip_rs_singletask,@/@@_class,0,22,1246.142857142857,0.3875196874141693,0.34988393187522887,0.7315789461135864,0.3860042095184326,0.7512195110321045,0.8134616017341614,0.817728579044342,0.5626767873764038
exp_2_cip_rs_singletask,@/@@_class,0,23,1300.25,0.3779084086418152,0.3489488139748573,0.7473683953285217,0.372916579246521,0.7362637519836426,0.8153346180915833,0.8144044876098633,0.5699095726013184
exp_2_cip_rs_singletask,@/@@_class,0,24,1356.142857142857,0.3741790056228637,0.41444125175476076,0.7315789461135864,0.3813824653625488,0.7512195110321045,0.8195235729217529,0.8199446201324463,0.5716973543167114
exp_2_cip_rs_singletask,@/@@_class,0,25,1410.25,0.3606139123439789,0.3548961008588473,0.7631579041481018,0.3725019693374634,0.7668393850326538,0.8152445554733276,0.8202769756317139,0.5596811175346375
exp_2_cip_rs_singletask,@/@@_class,0,26,1466.142857142857,0.347452849149704,0.32761642932891843,0.7368420958518982,0.3820680379867553,0.75,0.7962760329246521,0.801440417766571,0.6468614339828491
exp_2_cip_rs_singletask,@/@@_class,0,27,1520.25,0.3431608378887176,0.3542512406905492,0.7947368621826172,0.4083412289619446,0.7958115339279175,0.8310866355895996,0.8347922563552856,0.5395812392234802
exp_2_cip_rs_singletask,@/@@_class,0,28,1576.142857142857,0.3355578184127807,0.3415298461914062,0.7684210538864136,0.4158388376235962,0.7634408473968506,0.8210155963897705,0.8271468281745911,0.5736486911773682
exp_2_cip_rs_singletask,@/@@_class,0,29,1630.25,0.3258014917373657,0.35272851089636487,0.7684210538864136,0.4209086298942566,0.7555555701255798,0.828335702419281,0.829473614692688,0.585994303226471
exp_2_cip_rs_singletask,@/@@_class,1,0,36.142857142857146,0.6939190626144409,0.6901092410087586,0.5,8.52346420288086e-06,0.6666666865348816,0.5056077837944031,0.499058187007904,0.6940062642097473
exp_2_cip_rs_singletask,@/@@_class,1,1,90.25,0.6941137909889221,0.6920791864395142,0.5105262994766235,-9.5367431640625e-06,0.6642599105834961,0.4926202893257141,0.4555678367614746,0.6931570172309875
exp_2_cip_rs_singletask,@/@@_class,1,2,146.14285714285714,0.693254292011261,0.6930046916007996,0.5105262994766235,6.031990051269531e-05,0.5829596519470215,0.5505092144012451,0.52277010679245,0.6930874586105347
exp_2_cip_rs_singletask,@/@@_class,1,3,200.25,0.6927086114883423,0.6916869680086771,0.5,-0.0043228864669799,0.0,0.4521828293800354,0.4312465190887451,0.7148973941802979
exp_2_cip_rs_singletask,@/@@_class,1,4,256.14285714285717,0.6943185329437256,0.6938077330589294,0.5052631497383118,-0.0001564025878906,0.0961538478732109,0.487487643957138,0.4565097093582153,0.6933491230010986
exp_2_cip_rs_singletask,@/@@_class,1,5,310.25,0.6899344325065613,0.6866702338059744,0.5052631497383118,0.0053125023841857,0.6384615302085876,0.5998703241348267,0.5793906450271606,0.6883031725883484
exp_2_cip_rs_singletask,@/@@_class,1,6,366.14285714285717,0.6881425976753235,0.6779764771461487,0.5210526585578918,0.0104219913482666,0.116504855453968,0.5571960210800171,0.5560110807418823,0.6878026127815247
exp_2_cip_rs_singletask,@/@@_class,1,7,420.25,0.6616484522819519,0.6615912318229675,0.6578947305679321,0.0413892269134521,0.6889952421188354,0.6528905630111694,0.6602770090103149,0.662525475025177
exp_2_cip_rs_singletask,@/@@_class,1,8,476.14285714285717,0.6606426239013672,0.6578813314437866,0.6368421316146851,0.0607745647430419,0.6567164063453674,0.6381775140762329,0.6740165948867798,0.6532931923866272
exp_2_cip_rs_singletask,@/@@_class,1,9,530.25,0.6242163777351379,0.6355993946393331,0.6526315808296204,0.0944991707801818,0.6413043737411499,0.6491178274154663,0.6822160482406616,0.6443504691123962
exp_2_cip_rs_singletask,@/@@_class,1,10,586.1428571428571,0.5879349112510681,0.5907882452011108,0.6947368383407593,0.1456241607666015,0.7099999785423279,0.6763800978660583,0.6971744298934937,0.6320036053657532
exp_2_cip_rs_singletask,@/@@_class,1,11,640.25,0.5626794099807739,0.5701904396216074,0.6736842393875122,0.1627360582351684,0.6804123520851135,0.6947149038314819,0.7196675539016724,0.6038804054260254
exp_2_cip_rs_singletask,@/@@_class,1,12,696.1428571428571,0.5419845581054688,0.5531546831130981,0.6842105388641357,0.1844550967216491,0.6907216310501099,0.7504734396934509,0.7427146434783936,0.5890607237815857
exp_2_cip_rs_singletask,@/@@_class,1,13,750.25,0.5247174501419067,0.5280867467323939,0.699999988079071,0.1987233161926269,0.6984127163887024,0.7400681972503662,0.7422714233398438,0.5886613726615906
exp_2_cip_rs_singletask,@/@@_class,1,14,806.1428571428571,0.505153477191925,0.49024730920791626,0.699999988079071,0.2171494960784912,0.7164179086685181,0.731304407119751,0.7296398878097534,0.6096699237823486
exp_2_cip_rs_singletask,@/@@_class,1,15,860.25,0.4955117106437683,0.5316718469063441,0.7210526466369629,0.243531048297882,0.7195767164230347,0.7528052926063538,0.7608864307403564,0.5807726979255676
exp_2_cip_rs_singletask,@/@@_class,1,16,916.1428571428571,0.4816985130310058,0.4528296530246735,0.74210524559021,0.2693899869918823,0.7461140155792236,0.7821358442306519,0.7829362750053406,0.5626202821731567
exp_2_cip_rs_singletask,@/@@_class,1,17,970.25,0.4646828174591064,0.431961789727211,0.7473683953285217,0.3177630305290222,0.7473683953285217,0.8070407509803772,0.8094182014465332,0.5334908962249756
exp_2_cip_rs_singletask,@/@@_class,1,18,1026.142857142857,0.4578725397586822,0.46874058842658994,0.7684210538864136,0.3284910917282104,0.7582417726516724,0.8190697431564331,0.8212742209434509,0.515134334564209
exp_2_cip_rs_singletask,@/@@_class,1,19,1080.25,0.4542382955551147,0.4547665019830068,0.75789475440979,0.3413510322570801,0.7604166865348816,0.8324998021125793,0.8342382311820984,0.5007463097572327
exp_2_cip_rs_singletask,@/@@_class,1,20,1136.142857142857,0.4372887015342712,0.4118427872657776,0.7789473533630371,0.3686219453811645,0.7692307829856873,0.8342271447181702,0.8381163477897644,0.4970303475856781
exp_2_cip_rs_singletask,@/@@_class,1,21,1190.25,0.4220611453056335,0.4447365452845891,0.7526316046714783,0.3181005716323852,0.745945930480957,0.8059216737747192,0.809418261051178,0.5409404039382935
exp_2_cip_rs_singletask,@/@@_class,1,22,1246.142857142857,0.4221868216991424,0.4335563242435455,0.800000011920929,0.3670077323913574,0.7840909361839294,0.8396393656730652,0.8518559336662292,0.492994487285614
exp_2_cip_rs_singletask,@/@@_class,1,23,1300.25,0.4145793616771698,0.41486430168151855,0.7842105031013489,0.3940117359161377,0.7853403091430664,0.844123363494873,0.8487534523010254,0.4816184639930725
exp_2_cip_rs_singletask,@/@@_class,1,24,1356.142857142857,0.4003886580467224,0.4035703182220459,0.821052610874176,0.4010400772094726,0.821052610874176,0.8526918888092041,0.8611633777618408,0.469378113746643
exp_2_cip_rs_singletask,@/@@_class,1,25,1410.25,0.3909867405891418,0.37865597506364185,0.800000011920929,0.410091757774353,0.800000011920929,0.8480064868927002,0.8601661920547485,0.4783210754394531
exp_2_cip_rs_singletask,@/@@_class,1,26,1466.142857142857,0.3861416280269623,0.47428174018859864,0.7631579041481018,0.3800517916679382,0.761904776096344,0.8378682136535645,0.8485318422317505,0.4966547191143036
exp_2_cip_rs_singletask,@/@@_class,1,27,1520.25,0.3753588199615478,0.3963990708192189,0.8105263113975525,0.4351928234100342,0.8105263113975525,0.8445651531219482,0.8595013618469238,0.4794277846813202
exp_2_cip_rs_singletask,@/@@_class,1,28,1576.142857142857,0.3676401972770691,0.4282394826412201,0.7842105031013489,0.3958643078804016,0.787564754486084,0.84903883934021,0.8567312955856323,0.4784182906150818
exp_2_cip_rs_singletask,@/@@_class,1,29,1630.25,0.3690766394138336,0.38117994368076324,0.7894737124443054,0.4270578026771545,0.800000011920929,0.8407831788063049,0.8534071445465088,0.5012702345848083
exp_2_cip_rs_singletask,@/@@_class,1,30,1686.142857142857,0.3614583611488342,0.3350925624370575,0.8368421196937561,0.4086049795150757,0.8359788656234741,0.8525881767272949,0.8644875884056091,0.485974371433258
exp_2_cip_rs_singletask,@/@@_class,1,31,1740.25,0.3559466898441314,0.34862517813841504,0.8157894611358643,0.4460482597351074,0.8148148059844971,0.8623063564300537,0.8643767237663269,0.4691105782985687
exp_2_cip_rs_singletask,@/@@_class,1,32,1796.142857142857,0.3526920080184936,0.3533122718334198,0.8315789699554443,0.4293782711029053,0.8297872543334961,0.8413491249084473,0.8571745157241821,0.5075411796569824
exp_2_cip_rs_singletask,@/@@_class,1,33,1850.25,0.3381282687187195,0.31489148239294684,0.8105263113975525,0.4716037511825561,0.8144329786300659,0.8584774136543274,0.867035984992981,0.4783068895339966
exp_2_cip_rs_singletask,@/@@_class,1,34,1906.142857142857,0.3415949642658233,0.30067551136016846,0.8105263113975525,0.426832914352417,0.8105263113975525,0.852353572845459,0.8579502105712891,0.479729413986206
exp_2_cip_rs_singletask,@/@@_class,1,35,1960.25,0.335422158241272,0.3707194725672404,0.8368421196937561,0.4756139516830444,0.8359788656234741,0.8555800914764404,0.8695844411849976,0.4787837862968445
exp_2_cip_rs_singletask,@/@@_class,1,36,2016.142857142857,0.3234913945198059,0.3849008202552795,0.8368421196937561,0.4896469116210937,0.8324324488639832,0.8574318885803223,0.8694736361503601,0.4897013306617737
exp_2_cip_rs_singletask,@/@@_class,1,37,2070.25,0.3216249346733093,0.3197488884131114,0.8421052694320679,0.4674218893051147,0.8421052694320679,0.8497904539108276,0.8636010885238647,0.4875533282756805
exp_2_cip_rs_singletask,@/@@_class,1,38,2126.1428571428573,0.3176312744617462,0.32853407263755796,0.8263157606124878,0.4821770191192627,0.8253968358039856,0.8599748611450195,0.8694736957550049,0.4786595404148102
exp_2_cip_rs_singletask,@/@@_class,1,39,2180.25,0.3135164082050323,0.3255979716777801,0.8157894611358643,0.4803695678710937,0.8148148059844971,0.8570022583007812,0.8665927648544312,0.4882734715938568
exp_2_cip_rs_singletask,@/@@_class,1,40,2236.1428571428573,0.3028980493545532,0.2999641537666321,0.8315789699554443,0.4898669719696045,0.8297872543334961,0.8592023849487305,0.870249330997467,0.4844006896018982
exp_2_cip_rs_singletask,@/@@_class,1,41,2290.25,0.3030186295509338,0.32090564320484793,0.8263157606124878,0.4803386330604553,0.8272251486778259,0.8655322790145874,0.8722437620162964,0.4733680188655853
exp_2_cip_rs_singletask,@/@@_class,2,0,36.142857142857146,0.6935944557189941,0.6915337324142456,0.5,6.854534149169922e-06,0.0,0.5069125294685364,0.4999445974826813,0.6958794593811035
exp_2_cip_rs_singletask,@/@@_class,2,1,90.25,0.693744421005249,0.692072202761968,0.5,2.539157867431641e-05,0.0,0.5061219334602356,0.5042659044265747,0.6932183504104614
exp_2_cip_rs_singletask,@/@@_class,2,2,146.14285714285714,0.6930434703826904,0.6922618746757507,0.5,-6.29425048828125e-05,0.6666666865348816,0.5094400644302368,0.4855401515960693,0.6942160129547119
exp_2_cip_rs_singletask,@/@@_class,2,3,200.25,0.6936184167861938,0.6940329273541769,0.5,0.0001381039619445,0.0,0.5478618741035461,0.5342936515808105,0.6931681632995605
exp_2_cip_rs_singletask,@/@@_class,2,4,256.14285714285717,0.6936426758766174,0.6962199807167053,0.4789473712444305,-4.315376281738281e-05,0.1818181872367859,0.4792776107788086,0.4826038777828216,0.6931954622268677
exp_2_cip_rs_singletask,@/@@_class,2,5,310.25,0.6920869946479797,0.6922792494297028,0.4894736707210541,0.0027315616607666,0.5025641322135925,0.5131878852844238,0.5103601217269897,0.6919448971748352
exp_2_cip_rs_singletask,@/@@_class,2,6,366.14285714285717,0.6670069694519043,0.6720973372459411,0.5684210658073425,0.0478760004043579,0.581632673740387,0.6111541390419006,0.6049861311912537,0.6800654530525208
exp_2_cip_rs_singletask,@/@@_class,2,7,420.25,0.6236841082572937,0.6296704709529877,0.5684210658073425,0.054616093635559,0.563829779624939,0.5673044919967651,0.5778393745422363,0.7329961061477661
exp_2_cip_rs_singletask,@/@@_class,2,8,476.14285714285717,0.5996134281158447,0.6192207932472229,0.557894766330719,0.0801067948341369,0.5625,0.5960053205490112,0.6044321060180664,0.7342634797096252
exp_2_cip_rs_singletask,@/@@_class,2,9,530.25,0.5689652562141418,0.5287917902072271,0.5894736647605896,0.1000603437423706,0.5714285969734192,0.6497913599014282,0.6327978372573853,0.6855489015579224
exp_2_cip_rs_singletask,@/@@_class,2,10,586.1428571428571,0.5395007133483887,0.5641435503959655,0.5789473652839661,0.1271644234657287,0.5959596037864685,0.6519529819488525,0.6452077627182007,0.7272777557373047
exp_2_cip_rs_singletask,@/@@_class,2,11,640.25,0.525191605091095,0.512232224146525,0.5894736647605896,0.15496426820755,0.585106372833252,0.6867778301239014,0.6823268532752991,0.6651175618171692
exp_2_cip_rs_singletask,@/@@_class,2,12,696.1428571428571,0.5008734464645386,0.5123788475990295,0.5842105150222778,0.1783101558685302,0.568306028842926,0.7049973011016846,0.6865373849868774,0.6656795740127563
exp_2_cip_rs_singletask,@/@@_class,2,13,750.25,0.4817894101142883,0.5444714426994324,0.5789473652839661,0.1769067049026489,0.5744680762290955,0.7183405160903931,0.693185567855835,0.6502512693405151
exp_2_cip_rs_singletask,@/@@_class,2,14,806.1428571428571,0.4640092849731445,0.48619282245635986,0.6421052813529968,0.2135666012763977,0.6494845151901245,0.7340222001075745,0.7331855297088623,0.6057553291320801
exp_2_cip_rs_singletask,@/@@_class,2,15,860.25,0.4557370841503143,0.518531451622645,0.621052622795105,0.2079405188560485,0.6435643434524536,0.7274090051651001,0.7160110473632812,0.6394564509391785
exp_2_cip_rs_singletask,@/@@_class,2,16,916.1428571428571,0.44465371966362,0.4535749554634094,0.6315789222717285,0.2313001155853271,0.6111111044883728,0.7541425228118896,0.7362880706787109,0.6247134804725647
exp_2_cip_rs_singletask,@/@@_class,2,17,970.25,0.4390136003494262,0.48429228862126666,0.6736842393875122,0.2799909114837646,0.6736842393875122,0.7762569189071655,0.7588919401168823,0.6071780323982239
exp_2_cip_rs_singletask,@/@@_class,2,18,1026.142857142857,0.4242148995399475,0.4021641433238983,0.6157894730567932,0.2318040132522583,0.621761679649353,0.753915011882782,0.7255401611328125,0.6701551079750061
exp_2_cip_rs_singletask,@/@@_class,2,19,1080.25,0.4170348346233368,0.4303748160600662,0.7052631378173828,0.2964609861373901,0.7113401889801025,0.8027735352516174,0.792686939239502,0.5497163534164429
exp_2_cip_rs_singletask,@/@@_class,2,20,1136.142857142857,0.4008579552173614,0.41411402225494387,0.6578947305679321,0.2771127223968506,0.6524063944816589,0.7836654186248779,0.7637673020362854,0.5981504917144775
exp_2_cip_rs_singletask,@/@@_class,2,21,1190.25,0.3932645916938782,0.45707838733990985,0.6631578803062439,0.300256073474884,0.6701030731201172,0.7929210066795349,0.7783933877944946,0.5768128633499146
exp_2_cip_rs_singletask,@/@@_class,2,22,1246.142857142857,0.3865450918674469,0.44804337024688723,0.6052631735801697,0.2532236576080322,0.5945945978164673,0.7646589279174805,0.7369529008865356,0.659281849861145
exp_2_cip_rs_singletask,@/@@_class,2,23,1300.25,0.379397451877594,0.37148065865039825,0.6526315808296204,0.2659815549850464,0.6526315808296204,0.7693427205085754,0.741163432598114,0.6606463193893433
exp_2_cip_rs_singletask,@/@@_class,2,24,1356.142857142857,0.3702282309532165,0.3638995349407196,0.6473684310913086,0.2784432172775268,0.6666666865348816,0.782848596572876,0.7584487199783325,0.6378670334815979
exp_2_cip_rs_singletask,@/@@_class,2,25,1410.25,0.3657175600528717,0.33931154012680054,0.6684210300445557,0.3208098411560058,0.6666666865348816,0.8088391423225403,0.7894737124443054,0.5680171251296997
exp_2_cip_rs_singletask,@/@@_class,2,26,1466.142857142857,0.3548901975154876,0.35440014600753783,0.6894736886024475,0.3421628475189209,0.6974359154701233,0.816283106803894,0.8007756471633911,0.5634886622428894
exp_2_cip_rs_singletask,@/@@_class,2,27,1520.25,0.3484394550323486,0.3523602584997813,0.6894736886024475,0.3558763265609741,0.6844919919967651,0.824425458908081,0.8166204690933228,0.5344103574752808
exp_2_cip_rs_singletask,@/@@_class,2,28,1576.142857142857,0.3384010195732116,0.30604025125503537,0.6736842393875122,0.3434445858001709,0.6666666865348816,0.8179464936256409,0.802659273147583,0.5570603013038635
exp_2_cip_rs_singletask,@/@@_class,2,29,1630.25,0.3376783430576324,0.30053099741538364,0.6736842393875122,0.3352991342544555,0.6630434989929199,0.8156983852386475,0.7956786751747131,0.5630649924278259
exp_2_cip_rs_singletask,@/@@_class,2,30,1686.142857142857,0.3277513980865478,0.3406859964132309,0.7157894968986511,0.3875974416732788,0.6931818127632141,0.8483673930168152,0.8325761556625366,0.5134520530700684
exp_2_cip_rs_singletask,@/@@_class,2,31,1740.25,0.3151894807815552,0.3219690546393394,0.6631578803062439,0.3491001725196838,0.6800000071525574,0.817844033241272,0.7995567917823792,0.576427161693573
exp_2_cip_rs_singletask,@/@@_class,2,32,1796.142857142857,0.3154578506946563,0.3450209438800812,0.6894736886024475,0.3730952143669128,0.6910994648933411,0.8333625793457031,0.8119667768478394,0.5701490640640259
exp_2_cip_rs_singletask,@/@@_class,2,33,1850.25,0.3007116615772247,0.2635670279463132,0.7263157963752747,0.3930554986000061,0.7078651785850525,0.8429744243621826,0.8330193161964417,0.5245397090911865
exp_2_cip_rs_singletask,@/@@_class,2,34,1906.142857142857,0.3092867434024811,0.35346598029136655,0.7105262875556946,0.3809699416160583,0.6820809245109558,0.8349610567092896,0.822271466255188,0.5471991300582886
exp_2_cip_rs_singletask,@/@@_class,2,35,1960.25,0.2958370745182037,0.3364514410495758,0.7263157963752747,0.417417824268341,0.7373737096786499,0.8495060205459595,0.839445948600769,0.5259221792221069
exp_2_cip_rs_singletask,@/@@_class,2,36,2016.142857142857,0.2941158413887024,0.30828806161880495,0.6894736886024475,0.398790955543518,0.6910994648933411,0.8333441615104675,0.8240443468093872,0.5519923567771912
exp_2_cip_rs_singletask,@/@@_class,2,37,2070.25,0.2852555811405182,0.26187182466189063,0.7105262875556946,0.3818198442459106,0.6892655491828918,0.8256269097328186,0.8125207424163818,0.5852468609809875
exp_2_cip_rs_singletask,@/@@_class,2,38,2126.1428571428573,0.2797059714794159,0.25771143436431887,0.6894736886024475,0.3866860866546631,0.6974359154701233,0.8339005708694458,0.8190581798553467,0.5643406510353088
exp_2_cip_rs_singletask,@/@@_class,2,39,2180.25,0.2755461931228637,0.28188627958297724,0.7157894968986511,0.4255510568618774,0.7032967209815979,0.8546258211135864,0.8439888954162598,0.5115243792533875
exp_2_cip_rs_singletask,@/@@_class,2,40,2236.1428571428573,0.2717067897319793,0.2653198182582855,0.7157894968986511,0.4021574258804321,0.7096773982048035,0.8368139266967773,0.8285872340202332,0.5413550138473511
exp_2_cip_rs_singletask,@/@@_class,2,41,2290.25,0.2672592103481293,0.2254370798667272,0.7157894968986511,0.4123140573501587,0.7244898080825806,0.8431318402290344,0.8341274261474609,0.5457858443260193
exp_2_cip_rs_singletask,@/@@_class,2,42,2346.1428571428573,0.2602940201759338,0.2693389326333999,0.7210526466369629,0.4226824641227722,0.7039105892181396,0.8463119268417358,0.8365651369094849,0.5267447829246521
exp_2_cip_rs_singletask,@/@@_class,2,43,2400.25,0.2659096121788025,0.24806682765483856,0.7210526466369629,0.4220510721206665,0.7071823477745056,0.8437501192092896,0.8333518505096436,0.5568038821220398
exp_2_cip_rs_singletask,@/@@_class,2,44,2456.1428571428573,0.2480466812849044,0.27441698908805845,0.699999988079071,0.4128568768501282,0.6984127163887024,0.8317408561706543,0.8234903216362,0.5934187769889832
exp_2_cip_rs_singletask,@/@@_class,2,45,2510.25,0.2451263517141342,0.2804878304402033,0.74210524559021,0.447352647781372,0.7322404384613037,0.8577041029930115,0.8521883487701416,0.5115144848823547
exp_2_cip_rs_singletask,@/@@_class,2,46,2566.1428571428573,0.2420618534088134,0.27192685604095457,0.7157894968986511,0.4299132823944092,0.7032967209815979,0.845040500164032,0.8365651369094849,0.5568191409111023
exp_2_cip_rs_singletask,@/@@_class,2,47,2620.25,0.2340760678052902,0.2539605249961217,0.74210524559021,0.4369267225265503,0.7537688612937927,0.8499993085861206,0.8419944047927856,0.5597406625747681
exp_2_cip_rs_singletask,@/@@_class,2,48,2676.1428571428573,0.2334214448928833,0.20420873761177058,0.7473683953285217,0.459276795387268,0.7419354915618896,0.8683581352233887,0.8638227581977844,0.5007970929145813
exp_2_cip_rs_singletask,@/@@_class,2,49,2730.25,0.2297989577054977,0.24344334999720252,0.7263157963752747,0.4540882110595703,0.7373737096786499,0.8568398952484131,0.8497506976127625,0.5467702150344849
exp_2_cip_rs_singletask,@/@@_class,2,50,2786.1428571428573,0.2258177250623703,0.2229055225849151,0.7631579041481018,0.4696509838104248,0.748603343963623,0.8682589530944824,0.866371214389801,0.5002444386482239
exp_2_cip_rs_singletask,@/@@_class,2,51,2840.25,0.2224099040031433,0.2415654237071673,0.7473683953285217,0.4615578651428222,0.7623762488365173,0.8605024814605713,0.8552908301353455,0.541736900806427
exp_2_cip_rs_singletask,@/@@_class,2,52,2896.1428571428573,0.2148481905460357,0.2544741690158844,0.7526316046714783,0.4585163593292236,0.7614213228225708,0.8598042726516724,0.8538503646850586,0.5451140403747559
exp_2_cip_rs_singletask,@/@@_class,2,53,2950.25,0.2140832990407943,0.18594734370708463,0.7473683953285217,0.4652251601219177,0.7575757503509521,0.860423743724823,0.8562880754470825,0.5416075587272644
exp_2_cip_rs_singletask,@/@@_class,2,54,3006.1428571428573,0.2088957279920578,0.2063351988792419,0.7368420958518982,0.4597119092941284,0.7448979616165161,0.8586212396621704,0.852520763874054,0.5278262495994568
exp_2_cip_rs_singletask,@/@@_class,2,55,3060.25,0.2049610912799835,0.20030100643634793,0.7736842036247253,0.5007274150848389,0.7772020697593689,0.878048300743103,0.8773407936096191,0.4932283759117126
exp_2_cip_rs_singletask,@/@@_class,2,56,3116.1428571428573,0.2012415081262588,0.21487037539482112,0.75789475440979,0.4883005619049072,0.7415730357170105,0.8658945560455322,0.8648199439048767,0.5492040514945984
exp_2_cip_rs_singletask,@/@@_class,2,57,3170.25,0.2010259926319122,0.22241024424632386,0.7631579041481018,0.4768723249435425,0.761904776096344,0.865214467048645,0.8601661920547485,0.5456069707870483
exp_2_cip_rs_singletask,@/@@_class,2,58,3226.1428571428573,0.1952617615461349,0.16358439624309534,0.7947368621826172,0.5023273229598999,0.7891891598701477,0.8722690939903259,0.8702492713928223,0.5257350206375122
exp_2_cip_rs_singletask,@/@@_class,2,59,3280.25,0.2022545784711837,0.21717884143193558,0.7473683953285217,0.4865888357162475,0.7575757503509521,0.8671351671218872,0.8621606230735779,0.5444338321685791
exp_2_cip_rs_singletask,@/@@_class,2,60,3336.1428571428573,0.188798114657402,0.19016424119472497,0.7789473533630371,0.4957081079483032,0.78125,0.8727781772613525,0.8713573217391968,0.520769476890564
exp_2_cip_rs_singletask,@/@@_class,2,61,3390.25,0.1846028268337249,0.19713751475016272,0.7315789461135864,0.478342056274414,0.7487684488296509,0.8650069832801819,0.8579501509666443,0.6014410257339478
exp_2_cip_rs_singletask,@/@@_class,2,62,3446.1428571428573,0.1855607330799102,0.1673780709505081,0.7894737124443054,0.5010923743247986,0.7894737124443054,0.8758880496025085,0.8742382526397705,0.5170598030090332
exp_2_cip_rs_singletask,@/@@_class,2,63,3500.25,0.1775130331516266,0.18719376623630515,0.7842105031013489,0.5136987566947937,0.7759562730789185,0.876885175704956,0.8763434886932373,0.5323596000671387
exp_2_cip_rs_singletask,@/@@_class,2,64,3556.1428571428573,0.1724960803985595,0.1514850795269012,0.7789473533630371,0.5062828063964844,0.774193525314331,0.8748264312744141,0.8706924915313721,0.5428645610809326
exp_2_cip_rs_singletask,@/@@_class,2,65,3610.25,0.1722690612077713,0.18582823375860846,0.7789473533630371,0.508522093296051,0.7857142686843872,0.8762422800064087,0.8739057779312134,0.5376302003860474
exp_2_cip_rs_singletask,@/@@_class,3,0,36.142857142857146,0.6941580176353455,0.6917598605155945,0.5,1.8596649169921875e-05,0.6666666865348816,0.5261796116828918,0.5202770233154297,0.6932178139686584
exp_2_cip_rs_singletask,@/@@_class,3,1,90.25,0.6937693357467651,0.6915100614229838,0.5,2.5331974029541016e-05,0.6666666865348816,0.5169854164123535,0.5044875144958496,0.6932719349861145
exp_2_cip_rs_singletask,@/@@_class,3,2,146.14285714285714,0.6933302283287048,0.695066261291504,0.5,6.026029586791992e-05,0.0,0.5123434066772461,0.5104709267616272,0.6933714151382446
exp_2_cip_rs_singletask,@/@@_class,3,3,200.25,0.6935058832168579,0.6938487887382507,0.5,4.589557647705078e-06,0.6666666865348816,0.4841160774230957,0.4762327075004577,0.6931877732276917
exp_2_cip_rs_singletask,@/@@_class,3,4,256.14285714285717,0.6932962536811829,0.693279230594635,0.5,-0.0001266002655029,0.0,0.5132309198379517,0.498060941696167,0.6934804916381836
exp_2_cip_rs_singletask,@/@@_class,3,5,310.25,0.6925167441368103,0.6918652355670929,0.5105262994766235,0.0007557868957519,0.3496503531932831,0.5279921293258667,0.5059279799461365,0.6926113963127136
exp_2_cip_rs_singletask,@/@@_class,3,6,366.14285714285717,0.6927783489227295,0.6948341727256775,0.4421052634716034,-0.0001544952392578,0.4536082446575165,0.4863770604133606,0.4798892140388489,0.6938367486000061
exp_2_cip_rs_singletask,@/@@_class,3,7,420.25,0.6735056638717651,0.649773637453715,0.4842105209827423,0.0012603998184204,0.5148515105247498,0.5345085859298706,0.5018282532691956,0.7795770168304443
exp_2_cip_rs_singletask,@/@@_class,3,8,476.14285714285717,0.6329244375228882,0.6636658191680909,0.6000000238418579,0.0905314683914184,0.6122449040412903,0.6917901039123535,0.6739058494567871,0.6445978879928589
exp_2_cip_rs_singletask,@/@@_class,3,9,530.25,0.6000171899795532,0.6192730069160461,0.6263157725334167,0.1225104331970214,0.643216073513031,0.698147177696228,0.6879778504371643,0.6325770616531372
exp_2_cip_rs_singletask,@/@@_class,3,10,586.1428571428571,0.5818766951560974,0.5844525933265686,0.6421052813529968,0.1547684669494629,0.6730769276618958,0.7207764983177185,0.7217727899551392,0.614901602268219
exp_2_cip_rs_singletask,@/@@_class,3,11,640.25,0.5612315535545349,0.5845632503430048,0.6526315808296204,0.1843289136886596,0.6117647290229797,0.7626201510429382,0.755678653717041,0.5860537886619568
exp_2_cip_rs_singletask,@/@@_class,3,12,696.1428571428571,0.5349246859550476,0.5473396062850953,0.6368421316146851,0.176587164402008,0.6310160160064697,0.7351168394088745,0.7163435220718384,0.6209250092506409
exp_2_cip_rs_singletask,@/@@_class,3,13,750.25,0.5099096894264221,0.542243093252182,0.6526315808296204,0.2281376123428344,0.6451612710952759,0.7723207473754883,0.761218786239624,0.5773658752441406
exp_2_cip_rs_singletask,@/@@_class,3,14,806.1428571428571,0.4954138994216919,0.4244676947593689,0.6894736886024475,0.2486730813980102,0.6844919919967651,0.7605103254318237,0.7657617330551147,0.5796631574630737
exp_2_cip_rs_singletask,@/@@_class,3,15,860.25,0.4769496321678161,0.49140895406405133,0.6736842393875122,0.2708112001419067,0.6868686676025391,0.7738574147224426,0.7749583721160889,0.5751236081123352
exp_2_cip_rs_singletask,@/@@_class,3,16,916.1428571428571,0.4652312994003296,0.4241188704967499,0.6631578803062439,0.2694571018218994,0.6767676472663879,0.7792626023292542,0.7721883058547974,0.5784012675285339
exp_2_cip_rs_singletask,@/@@_class,3,17,970.25,0.45377117395401,0.4225081577897072,0.7052631378173828,0.3024228811264038,0.7052631378173828,0.7867691516876221,0.7904708385467529,0.5591206550598145
exp_2_cip_rs_singletask,@/@@_class,3,18,1026.142857142857,0.4402660131454468,0.48843894004821775,0.678947389125824,0.2853560447692871,0.6737967729568481,0.7695046663284302,0.7823822498321533,0.5819729566574097
exp_2_cip_rs_singletask,@/@@_class,3,19,1080.25,0.426179826259613,0.4707174052794774,0.6842105388641357,0.3163403272628784,0.6842105388641357,0.7860692739486694,0.7931301593780518,0.5698641538619995
exp_2_cip_rs_singletask,@/@@_class,3,20,1136.142857142857,0.4289906620979309,0.42943218946456907,0.6947368383407593,0.3181273937225342,0.6741573214530945,0.773992121219635,0.7883656024932861,0.5860617160797119
exp_2_cip_rs_singletask,@/@@_class,3,21,1190.25,0.4108526706695556,0.36838999887307483,0.699999988079071,0.3395078182220459,0.6815642714500427,0.806565523147583,0.8114126920700073,0.5313258171081543
exp_2_cip_rs_singletask,@/@@_class,3,22,1246.142857142857,0.4023041725158691,0.3981988370418549,0.7315789461135864,0.3432034850120544,0.7182320356369019,0.8152052760124207,0.8216066360473633,0.5239424109458923
exp_2_cip_rs_singletask,@/@@_class,3,23,1300.25,0.3934707343578338,0.36302835245927173,0.6736842393875122,0.3374840021133423,0.6736842393875122,0.7892888784408569,0.7978946566581726,0.5608524084091187
exp_2_cip_rs_singletask,@/@@_class,3,24,1356.142857142857,0.3778141140937805,0.38611387014389037,0.6947368383407593,0.3530328273773193,0.6979166865348816,0.7921473979949951,0.805540144443512,0.5649873614311218
exp_2_cip_rs_singletask,@/@@_class,3,25,1410.25,0.3645799160003662,0.38390665749708813,0.7052631378173828,0.361407995223999,0.7113401889801025,0.8012611865997314,0.8084210157394409,0.5668646097183228
exp_2_cip_rs_singletask,@/@@_class,3,26,1466.142857142857,0.3611125648021698,0.3494117856025695,0.7105262875556946,0.3752574920654297,0.7089946866035461,0.7978644371032715,0.812853217124939,0.5706887245178223
exp_2_cip_rs_singletask,@/@@_class,3,27,1520.25,0.3534131050109863,0.35333284984032315,0.7210526466369629,0.3757078051567077,0.6863905191421509,0.8043595552444458,0.8126315474510193,0.5894891023635864
exp_2_cip_rs_singletask,@/@@_class,3,28,1576.142857142857,0.3473066687583923,0.36498591899871824,0.7315789461135864,0.4055299758911133,0.7411167621612549,0.8203762769699097,0.8327977657318115,0.5424216389656067
exp_2_cip_rs_singletask,@/@@_class,3,29,1630.25,0.3368705511093139,0.341035599509875,0.7157894968986511,0.4055721759796142,0.71875,0.8225409984588623,0.8298060894012451,0.5362875461578369
exp_2_cip_rs_singletask,@/@@_class,3,30,1686.142857142857,0.327429711818695,0.3253567278385162,0.6894736886024475,0.3949482440948486,0.6878306865692139,0.8176299333572388,0.819390594959259,0.5764695405960083
exp_2_cip_rs_singletask,@/@@_class,3,31,1740.25,0.3223419189453125,0.3496037075916926,0.7368420958518982,0.4042344093322754,0.7395833134651184,0.811530351638794,0.8257063627243042,0.5563551187515259
exp_2_cip_rs_singletask,@/@@_class,3,32,1796.142857142857,0.3236715793609619,0.3295260101556778,0.6842105388641357,0.3918125033378601,0.6907216310501099,0.7958391308784485,0.8056509494781494,0.6373630166053772
exp_2_cip_rs_singletask,@/@@_class,4,0,36.142857142857146,0.6939066648483276,0.6946086764335633,0.5,2.0742416381835938e-05,0.6666666865348816,0.5074946880340576,0.5026038885116577,0.6938640475273132
exp_2_cip_rs_singletask,@/@@_class,4,1,90.25,0.6944317817687988,0.6926427086194357,0.5,4.231929779052734e-06,0.0,0.5141441822052002,0.5091413259506226,0.6931441426277161
exp_2_cip_rs_singletask,@/@@_class,4,2,146.14285714285714,0.6933977603912354,0.6941858530044556,0.5,4.947185516357422e-06,0.0,0.4904115796089172,0.488421082496643,0.6931523084640503
exp_2_cip_rs_singletask,@/@@_class,4,3,200.25,0.6933557987213135,0.6933602293332418,0.5,7.361173629760742e-05,0.0,0.5625175833702087,0.5570636987686157,0.6931033730506897
exp_2_cip_rs_singletask,@/@@_class,4,4,256.14285714285717,0.6933043599128723,0.6931382179260254,0.5,0.0002678632736206,0.0,0.5555791854858398,0.5419944524765015,0.6932136416435242
exp_2_cip_rs_singletask,@/@@_class,4,5,310.25,0.6919554471969604,0.6972998281319936,0.5631579160690308,0.0113211274147033,0.4907975494861603,0.5499496459960938,0.610858678817749,0.6835042238235474
exp_2_cip_rs_singletask,@/@@_class,4,6,366.14285714285717,0.6796677112579346,0.6862200140953064,0.5473684072494507,0.0314132571220397,0.6717557311058044,0.6430280208587646,0.6370083093643188,0.6839699149131775
exp_2_cip_rs_singletask,@/@@_class,4,7,420.25,0.6617289185523987,0.6664789219697317,0.557894766330719,0.0509196519851684,0.6410256624221802,0.5886102914810181,0.6015512943267822,0.6737629771232605
exp_2_cip_rs_singletask,@/@@_class,4,8,476.14285714285717,0.6149044632911682,0.6129401087760925,0.5789473652839661,0.1287398934364318,0.5652173757553101,0.6923743486404419,0.6812188625335693,0.6364423036575317
exp_2_cip_rs_singletask,@/@@_class,4,9,530.25,0.5806012153625488,0.6158870160579681,0.6105263233184814,0.1393376588821411,0.5795454382896423,0.6898783445358276,0.6752354502677917,0.6382760405540466
exp_2_cip_rs_singletask,@/@@_class,4,10,586.1428571428571,0.556422233581543,0.5518002033233642,0.621052622795105,0.1516385078430175,0.6326530575752258,0.6810958385467529,0.6743490099906921,0.6498549580574036
exp_2_cip_rs_singletask,@/@@_class,4,11,640.25,0.5308061242103577,0.50277379155159,0.6947368383407593,0.2554309368133545,0.6777777671813965,0.774876594543457,0.7643213272094727,0.5829499959945679
exp_2_cip_rs_singletask,@/@@_class,4,12,696.1428571428571,0.5010291934013367,0.5252891540527344,0.7052631378173828,0.2316924333572387,0.7052631378173828,0.7447099685668945,0.7525762319564819,0.6156770586967468
exp_2_cip_rs_singletask,@/@@_class,4,13,750.25,0.4870312511920929,0.507261926929156,0.6894736886024475,0.2763408422470093,0.7064676880836487,0.7900958061218262,0.7792797684669495,0.5778800845146179
exp_2_cip_rs_singletask,@/@@_class,4,14,806.1428571428571,0.4649092853069305,0.4387829780578613,0.7263157963752747,0.3055084943771362,0.7011494040489197,0.8081160187721252,0.8141828179359436,0.5509964227676392
exp_2_cip_rs_singletask,@/@@_class,4,15,860.25,0.4597160220146179,0.4565989524126053,0.6947368383407593,0.2836174368858337,0.7128713130950928,0.7992252707481384,0.7944598197937012,0.5613763928413391
exp_2_cip_rs_singletask,@/@@_class,4,16,916.1428571428571,0.4364403188228607,0.4173214673995972,0.699999988079071,0.2672846913337707,0.6850828528404236,0.7815966606140137,0.7816066145896912,0.5719456076622009
exp_2_cip_rs_singletask,@/@@_class,4,17,970.25,0.4277661144733429,0.420473908384641,0.678947389125824,0.3013712167739868,0.7053139805793762,0.7867388129234314,0.7927978038787842,0.5800209045410156
exp_2_cip_rs_singletask,@/@@_class,4,18,1026.142857142857,0.4223357439041137,0.43929603099823,0.7315789461135864,0.3125187158584595,0.7384615540504456,0.7897394299507141,0.7975623607635498,0.5816484689712524
exp_2_cip_rs_singletask,@/@@_class,4,19,1080.25,0.4060121774673462,0.4738899568716684,0.7157894968986511,0.3162792921066284,0.6931818127632141,0.7980028390884399,0.7998892068862915,0.5588297247886658
exp_2_cip_rs_singletask,@/@@_class,4,20,1136.142857142857,0.4046477377414703,0.38422115445137023,0.74210524559021,0.3166095018386841,0.7487179636955261,0.791424036026001,0.7981163263320923,0.5694262981414795
exp_2_cip_rs_singletask,@/@@_class,4,21,1190.25,0.3923833072185516,0.3995656172434489,0.7105262875556946,0.3522605895996094,0.7120419144630432,0.8096492290496826,0.8148475885391235,0.5498145818710327
exp_2_cip_rs_singletask,@/@@_class,4,22,1246.142857142857,0.3867537677288055,0.43665815591812135,0.6684210300445557,0.2981210947036743,0.6735751032829285,0.7803112864494324,0.7855955362319946,0.5804625749588013
exp_2_cip_rs_singletask,@/@@_class,4,23,1300.25,0.3734300136566162,0.39761682351430255,0.7473683953285217,0.3798915147781372,0.739130437374115,0.8304618000984192,0.8343490362167358,0.5338338613510132
exp_2_cip_rs_singletask,@/@@_class,4,24,1356.142857142857,0.3682566285133362,0.4314886868000031,0.6894736886024475,0.321323037147522,0.7093595862388611,0.8016666769981384,0.7983379364013672,0.5689376592636108
exp_2_cip_rs_singletask,@/@@_class,4,25,1410.25,0.3534685373306274,0.3747839579979579,0.6947368383407593,0.3778738975524902,0.6914893388748169,0.818574070930481,0.8191689848899841,0.5612067580223083
exp_2_cip_rs_singletask,@/@@_class,4,26,1466.142857142857,0.3507953882217407,0.31697103381156916,0.75789475440979,0.3682975769042969,0.7653061151504517,0.8278272151947021,0.8333517909049988,0.526461124420166
exp_2_cip_rs_singletask,@/@@_class,4,27,1520.25,0.3417347371578216,0.36500174800554913,0.7105262875556946,0.3858932852745056,0.7027027010917664,0.8168841600418091,0.8255955576896667,0.5560283660888672
exp_2_cip_rs_singletask,@/@@_class,4,28,1576.142857142857,0.3334411680698395,0.39360558390617373,0.699999988079071,0.3761106729507446,0.6779661178588867,0.8164646625518799,0.8185042142868042,0.5616201162338257
exp_2_cip_rs_singletask,@/@@_class,4,29,1630.25,0.3299503028392792,0.3252533028523127,0.7526316046714783,0.4057240486145019,0.7772511839866638,0.8266164064407349,0.8412188291549683,0.5647732615470886
exp_2_cip_rs_singletask,@/@@_class,4,30,1686.142857142857,0.3239520192146301,0.33008444309234614,0.75789475440979,0.3780406713485718,0.7526881694793701,0.8065152168273926,0.8126315474510193,0.6083120703697205
exp_2_cip_rs_singletask,@/@@_class,4,31,1740.25,0.3196742236614227,0.33493512868881226,0.7526316046714783,0.4233798384666443,0.7589743733406067,0.8323623538017273,0.8413295745849609,0.5290716290473938
exp_2_cip_rs_singletask,@/@@_class,4,32,1796.142857142857,0.3065158724784851,0.31098703444004056,0.7263157963752747,0.409358263015747,0.7450980544090271,0.8289311528205872,0.8340166807174683,0.5675257444381714
exp_2_cip_rs_singletask,@/@@_class,4,33,1850.25,0.3111378848552704,0.2911938975254695,0.7368420958518982,0.4039202928543091,0.747474730014801,0.8212647438049316,0.8309140801429749,0.5526518821716309
exp_2_cip_rs_singletask,@/@@_class,4,34,1906.142857142857,0.2980534136295318,0.31053113341331484,0.7210526466369629,0.4180023670196533,0.6936416029930115,0.8338085412979126,0.8362326622009277,0.5640501976013184
exp_2_cip_rs_singletask,@/@@_class,4,35,1960.25,0.2949991822242737,0.2832358852028846,0.7736842036247253,0.4267160892486572,0.7597765326499939,0.8362860679626465,0.844986081123352,0.5531327724456787
exp_2_cip_rs_singletask,@/@@_class,4,36,2016.142857142857,0.2884309887886047,0.31795493960380555,0.7526316046714783,0.3921852707862854,0.7564767003059387,0.8131145238876343,0.8249306678771973,0.5773059725761414
exp_2_cip_rs_singletask,F/L_class,0,0,36.142857142857146,0.6937209963798523,0.69451824426651,0.5,7.450580596923828e-06,0.0,0.4903620779514313,0.5065928101539612,0.6933977603912354
exp_2_cip_rs_singletask,F/L_class,0,1,90.25,0.6939656734466553,0.6940217216809591,0.5,1.883506774902344e-05,0.0,0.5394895672798157,0.5254848003387451,0.6931447982788086
exp_2_cip_rs_singletask,F/L_class,0,2,146.14285714285714,0.6933894157409668,0.6933184027671814,0.4947368502616882,0.0002740621566772,0.6595744490623474,0.5710408687591553,0.5361772775650024,0.6928980946540833
exp_2_cip_rs_singletask,F/L_class,0,3,200.25,0.6928573250770569,0.6965849995613098,0.5,0.0002129077911376,0.0,0.5226843357086182,0.5306925177574158,0.693509578704834
exp_2_cip_rs_singletask,F/L_class,0,4,256.14285714285717,0.6929612755775452,0.6934544444084167,0.557894766330719,0.0018171668052673,0.6074766516685486,0.6168724894523621,0.6086426973342896,0.6913959980010986
exp_2_cip_rs_singletask,F/L_class,0,5,310.25,0.6855442523956299,0.6817153692245483,0.621052622795105,0.0342132449150085,0.621052622795105,0.6394448280334473,0.6468697786331177,0.6690745949745178
exp_2_cip_rs_singletask,F/L_class,0,6,366.14285714285717,0.6436238288879395,0.6357433319091796,0.6842105388641357,0.108788788318634,0.6666666865348816,0.7521451711654663,0.7633241415023804,0.6132720112800598
exp_2_cip_rs_singletask,F/L_class,0,7,420.25,0.593001663684845,0.5838088492552439,0.7052631378173828,0.1683483719825744,0.7200000286102295,0.7496654391288757,0.7693074941635132,0.591699481010437
exp_2_cip_rs_singletask,F/L_class,0,8,476.14285714285717,0.5499671101570129,0.5778654158115387,0.7157894968986511,0.2650507688522339,0.7157894968986511,0.7976633310317993,0.8116344213485718,0.5387481451034546
exp_2_cip_rs_singletask,F/L_class,0,9,530.25,0.5170419216156006,0.556093692779541,0.75789475440979,0.3296481966972351,0.7415730357170105,0.8271830677986145,0.8371191024780273,0.5122390985488892
exp_2_cip_rs_singletask,F/L_class,0,10,586.1428571428571,0.4780444502830505,0.4317147970199585,0.7631579041481018,0.3652688264846802,0.7804877758026123,0.8071137070655823,0.8296952843666077,0.5380132794380188
exp_2_cip_rs_singletask,F/L_class,0,11,640.25,0.448351502418518,0.48386792341868085,0.7736842036247253,0.4034867286682129,0.7748690843582153,0.8317735195159912,0.8391135334968567,0.5099587440490723
exp_2_cip_rs_singletask,F/L_class,0,12,696.1428571428571,0.420295387506485,0.3929778814315796,0.7789473533630371,0.3769241571426391,0.7765957713127136,0.8223047256469727,0.840664803981781,0.5123814344406128
exp_2_cip_rs_singletask,F/L_class,0,13,750.25,0.4010407030582428,0.42030496895313263,0.7842105031013489,0.3809795379638672,0.787564754486084,0.8262048959732056,0.8267035484313965,0.5290261507034302
exp_2_cip_rs_singletask,F/L_class,0,14,806.1428571428571,0.372991144657135,0.3667260468006134,0.7684210538864136,0.4305601119995117,0.7777777910232544,0.8198037147521973,0.8269252181053162,0.5796152353286743
exp_2_cip_rs_singletask,F/L_class,0,15,860.25,0.361012727022171,0.39077405134836835,0.7684210538864136,0.4601906538009643,0.7777777910232544,0.8229359984397888,0.8446537852287292,0.5238153338432312
exp_2_cip_rs_singletask,F/L_class,0,16,916.1428571428571,0.3455478847026825,0.3737557172775269,0.7842105031013489,0.4556008577346802,0.787564754486084,0.7942376732826233,0.8368974924087524,0.547727644443512
exp_2_cip_rs_singletask,F/L_class,0,17,970.25,0.3355497717857361,0.35521020491917926,0.800000011920929,0.4748915433883667,0.8020833134651184,0.8087927103042603,0.8476454615592957,0.529601514339447
exp_2_cip_rs_singletask,F/L_class,0,18,1026.142857142857,0.3140759766101837,0.32723073959350585,0.7894737124443054,0.4795401096343994,0.7872340679168701,0.7912451028823853,0.8343490362167358,0.5792773962020874
exp_2_cip_rs_singletask,F/L_class,0,19,1080.25,0.2960284352302551,0.3386940384904544,0.7789473533630371,0.4741838574409485,0.7900000214576721,0.7921761870384216,0.8349031209945679,0.6097253561019897
exp_2_cip_rs_singletask,F/L_class,0,20,1136.142857142857,0.2880937755107879,0.26680467724800105,0.800000011920929,0.4908978939056396,0.8100000023841858,0.8089940547943115,0.8406648635864258,0.6049095392227173
exp_2_cip_rs_singletask,F/L_class,0,21,1190.25,0.2825096845626831,0.2915107607841491,0.7526316046714783,0.4061571359634399,0.745945930480957,0.7795936465263367,0.8059833645820618,0.6367170214653015
exp_2_cip_rs_singletask,F/L_class,1,0,36.142857142857146,0.6942766904830933,0.6948832511901856,0.5,2.038478851318359e-05,0.6666666865348816,0.510421872138977,0.5040442943572998,0.693484365940094
exp_2_cip_rs_singletask,F/L_class,1,1,90.25,0.6935219764709473,0.6935360531012217,0.5,4.464387893676758e-05,0.0,0.5233442187309265,0.5032132863998413,0.6933947801589966
exp_2_cip_rs_singletask,F/L_class,1,2,146.14285714285714,0.6935094594955444,0.694213604927063,0.5,0.0001375675201416,0.0,0.5759193897247314,0.6118559837341309,0.6930285692214966
exp_2_cip_rs_singletask,F/L_class,1,3,200.25,0.6932690143585205,0.6929118732611338,0.5684210658073425,0.0005869269371032,0.4875000119209289,0.656794548034668,0.6398891806602478,0.6925631761550903
exp_2_cip_rs_singletask,F/L_class,1,4,256.14285714285717,0.6933915019035339,0.6929846405982971,0.5,0.0008406043052673,0.6666666865348816,0.6033806800842285,0.5748476386070251,0.6929536461830139
exp_2_cip_rs_singletask,F/L_class,1,5,310.25,0.690106213092804,0.6907138427098592,0.5894736647605896,0.0218875408172607,0.6486486196517944,0.5706394910812378,0.5855956077575684,0.6746488213539124
exp_2_cip_rs_singletask,F/L_class,1,6,366.14285714285717,0.6716051697731018,0.6656326413154602,0.6631578803062439,0.0914840698242187,0.6831682920455933,0.7166622281074524,0.7132409811019897,0.639128565788269
exp_2_cip_rs_singletask,F/L_class,1,7,420.25,0.6295444965362549,0.6314164896806082,0.7473683953285217,0.1666126847267151,0.7623762488365173,0.7502319812774658,0.7643213272094727,0.5843730568885803
exp_2_cip_rs_singletask,F/L_class,1,8,476.14285714285717,0.5805850625038147,0.5558728218078614,0.7210526466369629,0.248719573020935,0.7135134935379028,0.7703543305397034,0.7853739261627197,0.5681094527244568
exp_2_cip_rs_singletask,F/L_class,1,9,530.25,0.5445093512535095,0.5118919809659322,0.7526316046714783,0.2889211773872375,0.753926694393158,0.7883031964302063,0.8070913553237915,0.537415087223053
exp_2_cip_rs_singletask,F/L_class,1,10,586.1428571428571,0.5101821422576904,0.516095232963562,0.7526316046714783,0.3187263011932373,0.7564767003059387,0.7741368412971497,0.8149584531784058,0.5312702655792236
exp_2_cip_rs_singletask,F/L_class,1,11,640.25,0.4982801675796509,0.4123119314511617,0.7684210538864136,0.3525222539901733,0.7708333134651184,0.7728675007820129,0.8189473748207092,0.5308154225349426
exp_2_cip_rs_singletask,F/L_class,1,12,696.1428571428571,0.4597334563732147,0.5158095955848694,0.7736842036247253,0.3669403791427612,0.7772020697593689,0.8042391538619995,0.8241552114486694,0.5302576422691345
exp_2_cip_rs_singletask,F/L_class,1,13,750.25,0.4349949955940246,0.4340021014213562,0.75789475440979,0.3645037412643432,0.7676767706871033,0.7856186628341675,0.8101938962936401,0.5508819818496704
exp_2_cip_rs_singletask,F/L_class,1,14,806.1428571428571,0.4273402988910675,0.41070401668548584,0.7473683953285217,0.3779152035713196,0.7446808218955994,0.7926899790763855,0.823268711566925,0.5332139730453491
exp_2_cip_rs_singletask,F/L_class,1,15,860.25,0.4038093686103821,0.4398789405822754,0.75789475440979,0.3834429979324341,0.75789475440979,0.7938481569290161,0.8238227367401123,0.540052592754364
exp_2_cip_rs_singletask,F/L_class,1,16,916.1428571428571,0.3870904743671417,0.36467184424400323,0.7631579041481018,0.4280352592468261,0.7692307829856873,0.7878692150115967,0.8189473748207092,0.5818049907684326
exp_2_cip_rs_singletask,F/L_class,1,17,970.25,0.3750391006469726,0.363153412938118,0.75789475440979,0.3874677419662475,0.7553191781044006,0.8048756718635559,0.8173961639404297,0.5482889413833618
exp_2_cip_rs_singletask,F/L_class,1,18,1026.142857142857,0.3641173541545868,0.3711500644683837,0.7684210538864136,0.4327139854431152,0.7799999713897705,0.7958246469497681,0.8279224634170532,0.5608484148979187
exp_2_cip_rs_singletask,F/L_class,1,19,1080.25,0.3585267961025238,0.3371835748354594,0.7631579041481018,0.4391180276870727,0.7567567825317383,0.8050430417060852,0.8302492499351501,0.5538725256919861
exp_2_cip_rs_singletask,F/L_class,1,20,1136.142857142857,0.3432065546512604,0.360176134109497,0.7736842036247253,0.4471521377563476,0.7724867463111877,0.7986605763435364,0.8298060297966003,0.5643882155418396
exp_2_cip_rs_singletask,F/L_class,1,21,1190.25,0.3461861908435821,0.36464722951253253,0.7684210538864136,0.4384747743606567,0.7755101919174194,0.8056913614273071,0.8265928030014038,0.5629860162734985
exp_2_cip_rs_singletask,F/L_class,1,22,1246.142857142857,0.3215628266334533,0.315651074051857,0.7684210538864136,0.4528940320014953,0.7755101919174194,0.7973073720932007,0.8263711333274841,0.5925477147102356
exp_2_cip_rs_singletask,F/L_class,2,0,36.142857142857146,0.6940352320671082,0.6927430272102356,0.5,2.384185791015625e-05,0.6619216799736023,0.514004647731781,0.5228254795074463,0.6931249499320984
exp_2_cip_rs_singletask,F/L_class,2,1,90.25,0.693526566028595,0.6941424508889517,0.5,3.463029861450195e-05,0.6666666865348816,0.5180982351303101,0.5145705938339233,0.6931944489479065
exp_2_cip_rs_singletask,F/L_class,2,2,146.14285714285714,0.6933491826057434,0.6929698944091797,0.5,0.0001061558723449,0.0,0.5474424362182617,0.5753462910652161,0.693057119846344
exp_2_cip_rs_singletask,F/L_class,2,3,200.25,0.6935040354728699,0.6959933638572693,0.5368421077728271,0.0005995035171508,0.6140350699424744,0.5227329730987549,0.5504709482192993,0.6925731301307678
exp_2_cip_rs_singletask,F/L_class,2,4,256.14285714285717,0.6925926208496094,0.6909359335899353,0.5421052575111389,0.0038713812828063,0.591549277305603,0.5989564657211304,0.5973407030105591,0.6894734501838684
exp_2_cip_rs_singletask,F/L_class,2,5,310.25,0.679580569267273,0.6704314549763998,0.5842105150222778,0.0855190753936767,0.5485714077949524,0.6939453482627869,0.6587257385253906,0.6611485481262207
exp_2_cip_rs_singletask,F/L_class,2,6,366.14285714285717,0.6323918104171753,0.6426877856254578,0.7052631378173828,0.1695321798324585,0.7200000286102295,0.7677968144416809,0.7708587646484375,0.5859342217445374
exp_2_cip_rs_singletask,F/L_class,2,7,420.25,0.5959628224372864,0.5677618781725565,0.7368420958518982,0.2336505055427551,0.7422680258750916,0.80118727684021,0.8085318207740784,0.5444791316986084
exp_2_cip_rs_singletask,F/L_class,2,8,476.14285714285717,0.5540874600410461,0.5682012259960174,0.7947368621826172,0.3079605102539062,0.80402010679245,0.8442906141281128,0.8555124998092651,0.4939402043819427
exp_2_cip_rs_singletask,F/L_class,2,9,530.25,0.5203814506530762,0.5292260597149531,0.7842105031013489,0.2856106758117676,0.787564754486084,0.8206014037132263,0.8213850259780884,0.515652596950531
exp_2_cip_rs_singletask,F/L_class,2,10,586.1428571428571,0.4918351769447326,0.5211077392101288,0.7736842036247253,0.2958477735519409,0.7942583560943604,0.8185702562332153,0.8507479429244995,0.509418785572052
exp_2_cip_rs_singletask,F/L_class,2,11,640.25,0.4718547761440277,0.4446874111890793,0.8157894611358643,0.3938665986061096,0.8128342032432556,0.850943922996521,0.8645983338356018,0.4609399139881134
exp_2_cip_rs_singletask,F/L_class,2,12,696.1428571428571,0.4491025805473327,0.4730670928955078,0.8105263113975525,0.4117196202278137,0.8064516186714172,0.8576178550720215,0.8627147078514099,0.4548117816448211
exp_2_cip_rs_singletask,F/L_class,2,13,750.25,0.4334578216075897,0.38845501840114594,0.821052610874176,0.427507996559143,0.800000011920929,0.8870523571968079,0.8817727565765381,0.4523857533931732
exp_2_cip_rs_singletask,F/L_class,2,14,806.1428571428571,0.4164232015609741,0.4533572971820831,0.8421052694320679,0.4486120939254761,0.8469387888908386,0.8785519599914551,0.888088583946228,0.4260402023792267
exp_2_cip_rs_singletask,F/L_class,2,15,860.25,0.3949962556362152,0.43270229796568555,0.8052631616592407,0.4742375016212463,0.8021390438079834,0.8804984092712402,0.8823268413543701,0.4265373647212982
exp_2_cip_rs_singletask,F/L_class,2,16,916.1428571428571,0.3809333145618438,0.4316630721092224,0.8315789699554443,0.5191313624382019,0.8260869383811951,0.90869402885437,0.9096952676773072,0.3780258297920227
exp_2_cip_rs_singletask,F/L_class,2,17,970.25,0.3643942773342132,0.38538694381713867,0.8315789699554443,0.5199087262153625,0.8241758346557617,0.9109157919883728,0.9028254747390748,0.3958648145198822
exp_2_cip_rs_singletask,F/L_class,2,18,1026.142857142857,0.3565888404846191,0.3169356226921082,0.821052610874176,0.4997099637985229,0.8131868243217468,0.9124184846878052,0.9079224467277528,0.3876116573810577
exp_2_cip_rs_singletask,F/L_class,2,19,1080.25,0.3414478600025177,0.40170187254746753,0.8368421196937561,0.5216349959373474,0.8359788656234741,0.91937655210495,0.9150137901306152,0.3720502853393554
exp_2_cip_rs_singletask,F/L_class,2,20,1136.142857142857,0.3234193623065948,0.31476734578609467,0.8105263113975525,0.5060840249061584,0.8144329786300659,0.9105627536773682,0.9093629121780396,0.3951357007026672
exp_2_cip_rs_singletask,F/L_class,2,21,1190.25,0.3228257298469543,0.2471315339207649,0.8157894611358643,0.5011054277420044,0.8087431788444519,0.9207254648208618,0.9145705699920654,0.3756778836250305
exp_2_cip_rs_singletask,F/L_class,2,22,1246.142857142857,0.3041609227657318,0.3410694420337677,0.821052610874176,0.5437479615211487,0.8265306353569031,0.9293792843818665,0.9191135168075562,0.3700412213802337
exp_2_cip_rs_singletask,F/L_class,2,23,1300.25,0.2970074713230133,0.2369093298912048,0.8315789699554443,0.5555947422981262,0.8315789699554443,0.940358340740204,0.9332963824272156,0.3356993794441223
exp_2_cip_rs_singletask,F/L_class,2,24,1356.142857142857,0.2839833199977875,0.2846054553985595,0.8473684191703796,0.5647198557853699,0.8432432413101196,0.9383333921432496,0.9306371212005616,0.3401331901550293
exp_2_cip_rs_singletask,F/L_class,2,25,1410.25,0.2820477187633514,0.34882717827955884,0.8105263113975525,0.5446633100509644,0.8163265585899353,0.9202637076377868,0.9156786799430848,0.3707781434059143
exp_2_cip_rs_singletask,F/L_class,2,26,1466.142857142857,0.2712054848670959,0.32178939580917354,0.8421052694320679,0.5886809229850769,0.8404255509376526,0.9275795817375184,0.9195568561553956,0.3682953715324402
exp_2_cip_rs_singletask,F/L_class,2,27,1520.25,0.2726570069789886,0.3104597081740697,0.8421052694320679,0.6034035682678223,0.8404255509376526,0.9338778853416444,0.9294182658195496,0.3482820987701416
exp_2_cip_rs_singletask,F/L_class,2,28,1576.142857142857,0.2655427753925323,0.26275275349617,0.821052610874176,0.53948575258255,0.8316831588745117,0.9246848821640016,0.9163434505462646,0.367085337638855
exp_2_cip_rs_singletask,F/L_class,2,29,1630.25,0.2531765103340149,0.26732902725537616,0.8157894611358643,0.5424277782440186,0.8128342032432556,0.9254915714263916,0.9174515008926392,0.360135406255722
exp_2_cip_rs_singletask,F/L_class,2,30,1686.142857142857,0.2501406967639923,0.24741278886795035,0.8315789699554443,0.5883446931838989,0.8279569745063782,0.9313133955001832,0.9247645139694214,0.3583532273769378
exp_2_cip_rs_singletask,F/L_class,2,31,1740.25,0.2365893423557281,0.2004589388767878,0.8157894611358643,0.5740953087806702,0.8066298365592957,0.931471049785614,0.9228808283805848,0.3619850277900696
exp_2_cip_rs_singletask,F/L_class,2,32,1796.142857142857,0.2330469787120819,0.2111734092235565,0.8263157606124878,0.5833545923233032,0.8156424760818481,0.9243043065071106,0.9206647872924804,0.3631022274494171
exp_2_cip_rs_singletask,F/L_class,2,33,1850.25,0.2314519584178924,0.228647214670976,0.8157894611358643,0.5824573636054993,0.8275862336158752,0.9308246374130248,0.9276454448699952,0.3621515333652496
exp_2_cip_rs_singletask,F/L_class,3,0,36.142857142857146,0.6940503716468811,0.6953787446022034,0.5,1.8715858459472656e-05,0.6666666865348816,0.5081766843795776,0.5127977728843689,0.6933624148368835
exp_2_cip_rs_singletask,F/L_class,3,1,90.25,0.693449079990387,0.694099485874176,0.4947368502616882,2.819299697875977e-05,0.0204081628471612,0.5060628652572632,0.5162881016731262,0.6931279301643372
exp_2_cip_rs_singletask,F/L_class,3,2,146.14285714285714,0.6934394836425781,0.6946521997451782,0.5,9.685754776000977e-05,0.0,0.5276377201080322,0.5332410335540771,0.6932082176208496
exp_2_cip_rs_singletask,F/L_class,3,3,200.25,0.6926965117454529,0.6928417285283407,0.5,-0.0002403259277343,0.0,0.4800993204116821,0.5001662373542786,0.6963958740234375
exp_2_cip_rs_singletask,F/L_class,3,4,256.14285714285717,0.6935964822769165,0.6984888434410095,0.5,0.0002947449684143,0.0,0.5646669864654541,0.5608863830566406,0.6928950548171997
exp_2_cip_rs_singletask,F/L_class,3,5,310.25,0.6913354992866516,0.691525936126709,0.5684210658073425,0.0051334500312805,0.6525423526763916,0.5830057859420776,0.6017729043960571,0.6885738968849182
exp_2_cip_rs_singletask,F/L_class,3,6,366.14285714285717,0.6680664420127869,0.6667999982833862,0.6000000238418579,0.0609502792358398,0.6041666865348816,0.6198477745056152,0.6457617282867432,0.6608424782752991
exp_2_cip_rs_singletask,F/L_class,3,7,420.25,0.6208542585372925,0.6315300067265829,0.6368421316146851,0.1077569127082824,0.5964912176132202,0.6744213104248047,0.6729085445404053,0.6603066921234131
exp_2_cip_rs_singletask,F/L_class,3,8,476.14285714285717,0.5840846300125122,0.6106022000312805,0.6842105388641357,0.1726405024528503,0.6938775777816772,0.7278661727905273,0.7159002423286438,0.6268470883369446
exp_2_cip_rs_singletask,F/L_class,3,9,530.25,0.5515205264091492,0.5257246841986974,0.678947389125824,0.1940884590148925,0.6934673190116882,0.7077026963233948,0.7324099540710449,0.6104882955551147
exp_2_cip_rs_singletask,F/L_class,3,10,586.1428571428571,0.5213460326194763,0.5271193385124207,0.7052631378173828,0.2205587029457092,0.698924720287323,0.7537749409675598,0.7520221471786499,0.5968399047851562
exp_2_cip_rs_singletask,F/L_class,3,11,640.25,0.4872250556945801,0.4902930408716202,0.7263157963752747,0.2816604375839233,0.7142857313156128,0.772156834602356,0.7848199605941772,0.5729081630706787
exp_2_cip_rs_singletask,F/L_class,3,12,696.1428571428571,0.4608530402183532,0.46784358024597167,0.6947368383407593,0.273837685585022,0.723809540271759,0.7436885833740234,0.773628830909729,0.5926876664161682
exp_2_cip_rs_singletask,F/L_class,3,13,750.25,0.4406369626522064,0.5460232347249985,0.6894736886024475,0.3050988912582397,0.6974359154701233,0.7669957876205444,0.7746260166168213,0.5978919863700867
exp_2_cip_rs_singletask,F/L_class,3,14,806.1428571428571,0.423937976360321,0.39164080619812014,0.7210526466369629,0.3048111200332641,0.7071823477745056,0.7640784382820129,0.7725207805633545,0.6150127053260803
exp_2_cip_rs_singletask,F/L_class,3,15,860.25,0.4005836248397827,0.41066203018029523,0.6947368383407593,0.3176041841506958,0.6547619104385376,0.762241005897522,0.7848199605941772,0.6206409931182861
exp_2_cip_rs_singletask,F/L_class,3,16,916.1428571428571,0.3809229433536529,0.378142511844635,0.699999988079071,0.2806637287139892,0.6742857098579407,0.7641304731369019,0.7673130035400391,0.6064050793647766
exp_2_cip_rs_singletask,F/L_class,3,17,970.25,0.3669996559619903,0.41870129605134326,0.7210526466369629,0.3309624195098877,0.6936416029930115,0.7522560358047485,0.7814958095550537,0.6299751400947571
exp_2_cip_rs_singletask,F/L_class,3,18,1026.142857142857,0.3547527194023132,0.36342926025390626,0.7157894968986511,0.3475503921508789,0.7326732873916626,0.7576730251312256,0.7811634540557861,0.6511051654815674
exp_2_cip_rs_singletask,F/L_class,3,19,1080.25,0.3467979431152344,0.3070869023601214,0.7157894968986511,0.3578513860702514,0.6966292262077332,0.739197850227356,0.7777285575866699,0.6963769793510437
exp_2_cip_rs_singletask,F/L_class,3,20,1136.142857142857,0.332316905260086,0.292174744606018,0.699999988079071,0.3427395224571228,0.6984127163887024,0.7526569366455078,0.7744044065475464,0.6560870409011841
exp_2_cip_rs_singletask,F/L_class,3,21,1190.25,0.3148738741874695,0.2735694125294685,0.7157894968986511,0.3366256952285766,0.7352941036224365,0.7343224287033081,0.7704155445098877,0.6954542994499207
exp_2_cip_rs_singletask,F/L_class,4,0,36.142857142857146,0.6939268112182617,0.6934624791145325,0.5,2.562999725341797e-05,0.6666666865348816,0.4965851604938507,0.5014958381652832,0.695162296295166
exp_2_cip_rs_singletask,F/L_class,4,1,90.25,0.6938714385032654,0.6936798890431722,0.4789473712444305,8.821487426757812e-06,0.52173912525177,0.5077019333839417,0.5034903287887573,0.6931393146514893
exp_2_cip_rs_singletask,F/L_class,4,2,146.14285714285714,0.6934396028518677,0.6929613351821899,0.5,3.993511199951172e-05,0.0,0.5338762402534485,0.59783935546875,0.693118155002594
exp_2_cip_rs_singletask,F/L_class,4,3,200.25,0.6932645440101624,0.6928371687730154,0.5,0.0002110004425048,0.6666666865348816,0.6124502420425415,0.6277562379837036,0.6929391026496887
exp_2_cip_rs_singletask,F/L_class,4,4,256.14285714285717,0.6931187510490417,0.6924160480499267,0.4947368502616882,0.002529501914978,0.6065573692321777,0.5819029808044434,0.5573407411575317,0.69090336561203
exp_2_cip_rs_singletask,F/L_class,4,5,310.25,0.6890536546707153,0.6892335712909698,0.6263157725334167,0.0274388790130615,0.5419355034828186,0.6938920617103577,0.6932964324951172,0.6694745421409607
exp_2_cip_rs_singletask,F/L_class,4,6,366.14285714285717,0.6474981307983398,0.6282233834266663,0.6947368383407593,0.1649790406227111,0.6947368383407593,0.7373452186584473,0.7648754119873047,0.5878451466560364
exp_2_cip_rs_singletask,F/L_class,4,7,420.25,0.6000391840934753,0.6018004814783732,0.7263157963752747,0.2067850232124328,0.7291666865348816,0.786663293838501,0.8066482543945312,0.5568901300430298
exp_2_cip_rs_singletask,F/L_class,4,8,476.14285714285717,0.5701501965522766,0.5578192949295044,0.7157894968986511,0.2837182283401489,0.7326732873916626,0.8240643739700317,0.827811598777771,0.5188603401184082
exp_2_cip_rs_singletask,F/L_class,4,9,530.25,0.5284758806228638,0.5099007685979208,0.7789473533630371,0.2987030148506164,0.7961165308952332,0.8453490734100342,0.8540719747543335,0.4967694878578186
exp_2_cip_rs_singletask,F/L_class,4,10,586.1428571428571,0.5033612847328186,0.40204991698265075,0.7736842036247253,0.3385689258575439,0.7794871926307678,0.8531438112258911,0.857396125793457,0.4777981042861938
exp_2_cip_rs_singletask,F/L_class,4,11,640.25,0.4709847569465637,0.43697794775168103,0.800000011920929,0.3834564089775085,0.8100000023841858,0.8744921088218689,0.8782271146774292,0.4535071551799774
exp_2_cip_rs_singletask,F/L_class,4,12,696.1428571428571,0.43585005402565,0.40346828699111936,0.8052631616592407,0.4309653043746948,0.8082901835441589,0.8784981966018677,0.8732409477233887,0.4490846693515777
exp_2_cip_rs_singletask,F/L_class,4,13,750.25,0.4166093468666076,0.35121150811513263,0.7894737124443054,0.4181232452392578,0.7849462628364563,0.8556293249130249,0.8557340502738953,0.4728569090366363
exp_2_cip_rs_singletask,F/L_class,4,14,806.1428571428571,0.3981074392795563,0.4048448264598846,0.7842105031013489,0.4272364974021911,0.7830687761306763,0.870745837688446,0.8696953058242798,0.4545078575611114
exp_2_cip_rs_singletask,F/L_class,4,15,860.25,0.3802479207515716,0.34793779253959656,0.7947368621826172,0.4312262535095215,0.8097561001777649,0.864719033241272,0.8659279346466064,0.478593111038208
exp_2_cip_rs_singletask,F/L_class,4,16,916.1428571428571,0.3601706027984619,0.3434410452842712,0.8157894611358643,0.4750233888626098,0.8087431788444519,0.8616180419921875,0.8674792051315308,0.4694053530693054
exp_2_cip_rs_singletask,F/L_class,4,17,970.25,0.3536211848258972,0.37806948522726697,0.8052631616592407,0.4453275203704834,0.8021390438079834,0.8602787256240845,0.8649307489395142,0.467146635055542
exp_2_cip_rs_singletask,F/L_class,4,18,1026.142857142857,0.3357866704463959,0.33120771646499636,0.800000011920929,0.4659904241561889,0.800000011920929,0.8695904016494751,0.8662604093551636,0.4730570018291473
exp_2_cip_rs_singletask,F/L_class,4,19,1080.25,0.3222661018371582,0.3534001236160596,0.8263157606124878,0.4913384318351745,0.8253968358039856,0.863575279712677,0.8691412210464478,0.4817290902137756
exp_2_cip_rs_singletask,F/L_class,4,20,1136.142857142857,0.3175708651542663,0.3661090493202209,0.800000011920929,0.4929628372192383,0.791208803653717,0.8662526607513428,0.8688088655471802,0.4758458137512207
exp_2_cip_rs_singletask,F/L_class,4,21,1190.25,0.301915556192398,0.29851127664248145,0.7947368621826172,0.502822756767273,0.7958115339279175,0.8702007532119751,0.8700277805328369,0.4861389696598053
exp_2_cip_rs_singletask,F/L_class,4,22,1246.142857142857,0.2961546182632446,0.32578997611999505,0.800000011920929,0.508097767829895,0.8041236996650696,0.8701033592224121,0.8732410073280334,0.4853261411190033
exp_2_cip_rs_multitask,all_targets,0,0,36.142857142857146,0.6902318000793457,0.6894401669502258,0.5228070020675659,0.0310514569282531,0.5142857432365417,0.6854709386825562,0.5907294750213623,0.6656275391578674
exp_2_cip_rs_multitask,all_targets,0,1,90.25,0.5286309123039246,0.5369961261749268,0.6719298362731934,0.3251295089721679,0.6063157916069031,0.7924926280975342,0.7689258456230164,0.4748954772949219
exp_2_cip_rs_multitask,all_targets,0,2,146.14285714285714,0.4642642140388489,0.4634032368659973,0.680701732635498,0.3380906581878662,0.6208333373069763,0.8171933889389038,0.7961096167564392,0.4650076925754547
exp_2_cip_rs_multitask,all_targets,0,3,200.25,0.4585720598697662,0.45463545620441437,0.6929824352264404,0.3516536951065063,0.7172859311103821,0.8439708948135376,0.8246352076530457,0.4522556364536285
exp_2_cip_rs_multitask,all_targets,0,4,256.14285714285717,0.4514597654342651,0.4517612397670746,0.7070175409317017,0.3537757396697998,0.6980108618736267,0.8447072505950928,0.8302246928215027,0.4518712759017944
exp_2_cip_rs_multitask,all_targets,0,5,310.25,0.4473250210285187,0.45167161027590436,0.6894736886024475,0.3503168821334839,0.6787658929824829,0.8335177898406982,0.8159310221672058,0.4621831476688385
exp_2_cip_rs_multitask,all_targets,0,6,366.14285714285717,0.4415919482707977,0.4400183320045471,0.7473683953285217,0.3740018606185913,0.7714285850524902,0.8622503280639648,0.8486734628677368,0.4387433230876922
exp_2_cip_rs_multitask,all_targets,0,7,420.25,0.4353103041648865,0.42385966579119366,0.74210524559021,0.3979830741882324,0.7407407164573669,0.8622223138809204,0.8493074774742126,0.4339830279350281
exp_2_cip_rs_multitask,all_targets,0,8,476.14285714285717,0.4276781678199768,0.4192864716053009,0.7350876927375793,0.399922251701355,0.7409948706626892,0.8609519004821777,0.8484579920768738,0.4378416836261749
exp_2_cip_rs_multitask,all_targets,0,9,530.25,0.4191428422927856,0.41017573575178784,0.7596490979194641,0.42727792263031,0.7476979494094849,0.8866891860961914,0.8787195682525635,0.4098438918590545
exp_2_cip_rs_multitask,all_targets,0,10,586.1428571428571,0.4159481525421142,0.40738287568092346,0.7649123072624207,0.3981022834777832,0.7744107842445374,0.8776769638061523,0.8659526109695435,0.4218772947788238
exp_2_cip_rs_multitask,all_targets,0,11,640.25,0.4085793197154999,0.40729955832163495,0.777193009853363,0.4432884454727173,0.7752212285995483,0.8967688083648682,0.8885810971260071,0.3927129507064819
exp_2_cip_rs_multitask,all_targets,0,12,696.1428571428571,0.4008966088294983,0.3976765990257263,0.780701756477356,0.4298171997070312,0.7933884263038635,0.8921538591384888,0.882610023021698,0.4026003777980804
exp_2_cip_rs_multitask,all_targets,0,13,750.25,0.3922557830810547,0.39525262514750165,0.8017544150352478,0.4715263843536377,0.8021015524864197,0.9081507921218872,0.9032440781593324,0.3761385977268219
exp_2_cip_rs_multitask,all_targets,0,14,806.1428571428571,0.3873167634010315,0.4014147102832794,0.8052631616592407,0.450414776802063,0.8115450143814087,0.9040359258651732,0.8957956433296204,0.3880487978458404
exp_2_cip_rs_multitask,all_targets,0,15,860.25,0.3803573548793793,0.3547228028376897,0.7543859481811523,0.4599158763885498,0.7560975551605225,0.8908566236495972,0.8812557458877563,0.4030206203460693
exp_2_cip_rs_multitask,all_targets,0,16,916.1428571428571,0.3755676746368408,0.3614985525608062,0.821052610874176,0.5030350089073181,0.8235294222831726,0.914127230644226,0.9100276827812196,0.3687905967235565
exp_2_cip_rs_multitask,all_targets,0,17,970.25,0.3665142655372619,0.37591152886549634,0.8245614171028137,0.5036484599113464,0.8207885026931763,0.9183236360549928,0.9135364294052124,0.3604375422000885
exp_2_cip_rs_multitask,all_targets,0,18,1026.142857142857,0.3582731187343597,0.36428900361061095,0.8245614171028137,0.5119102597236633,0.8338870406150818,0.921640396118164,0.9175254106521606,0.3611548840999603
exp_2_cip_rs_multitask,all_targets,0,19,1080.25,0.3578725159168243,0.3732097794612248,0.8280701637268066,0.5212756991386414,0.827464759349823,0.922183871269226,0.918670415878296,0.3557277619838714
exp_2_cip_rs_multitask,all_targets,0,20,1136.142857142857,0.3504319190979004,0.33488376736640924,0.8315789699554443,0.5149213671684265,0.834482729434967,0.9228562116622924,0.9189411997795104,0.3547934293746948
exp_2_cip_rs_multitask,all_targets,0,21,1190.25,0.3401058316230774,0.35280072689056396,0.8333333134651184,0.5376396179199219,0.8370497226715088,0.9206562638282776,0.9165897369384766,0.359166532754898
exp_2_cip_rs_multitask,all_targets,0,22,1246.142857142857,0.3387878537178039,0.3413217604160309,0.8333333134651184,0.5260745882987976,0.8312610983848572,0.922322392463684,0.9187442064285278,0.3571957051753998
exp_2_cip_rs_multitask,all_targets,0,23,1300.25,0.3316935002803802,0.32564042508602137,0.8298245668411255,0.5454720258712769,0.8313043713569641,0.9259147644042968,0.9227577447891236,0.3471281230449676
exp_2_cip_rs_multitask,all_targets,0,24,1356.142857142857,0.3227228820323944,0.3457962930202484,0.8298245668411255,0.5405415892601013,0.8347529768943787,0.9250845909118652,0.9202831387519836,0.3510083258152008
exp_2_cip_rs_multitask,all_targets,0,25,1410.25,0.3169521987438202,0.3251095687349637,0.8421052694320679,0.5513085722923279,0.8426573276519775,0.9264566898345948,0.9233610033988952,0.3442718088626861
exp_2_cip_rs_multitask,all_targets,0,26,1466.142857142857,0.3114887475967407,0.3347856521606445,0.8333333134651184,0.5527597665786743,0.8324515223503113,0.9234843850135804,0.9195567965507508,0.3548745214939117
exp_2_cip_rs_multitask,all_targets,0,27,1520.25,0.3123302459716797,0.3180119097232818,0.8245614171028137,0.552583634853363,0.8251748085021973,0.923241138458252,0.919175148010254,0.3507471978664398
exp_2_cip_rs_multitask,all_targets,0,28,1576.142857142857,0.3058216869831085,0.29992478489875796,0.8456140160560608,0.5643707513809204,0.8445229530334473,0.9288580417633056,0.9269067049026488,0.3416289687156677
exp_2_cip_rs_multitask,all_targets,0,29,1630.25,0.2978374361991882,0.31245899200439453,0.8543859720230103,0.5686045289039612,0.8556521534919739,0.929766058921814,0.9279655814170836,0.3395279943943023
exp_2_cip_rs_multitask,all_targets,0,30,1686.142857142857,0.2949723601341247,0.3339595377445221,0.8526315689086914,0.5768887400627136,0.8494623899459839,0.9296932220458984,0.9275591969490052,0.3405663073062897
exp_2_cip_rs_multitask,all_targets,0,31,1740.25,0.2867819964885711,0.30407079060872394,0.8526315689086914,0.5748013257980347,0.8526315689086914,0.9275299310684204,0.9239766001701356,0.3481070399284363
exp_2_cip_rs_multitask,all_targets,0,32,1796.142857142857,0.2881175577640533,0.3168606638908386,0.8473684191703796,0.5856693387031555,0.8497409224510193,0.9281397461891174,0.9248507618904114,0.3473682403564453
exp_2_cip_rs_multitask,all_targets,0,33,1850.25,0.283863753080368,0.3024406532446543,0.8491228222846985,0.5889310836791992,0.8480565547943115,0.9283710718154908,0.9263650178909302,0.3470503389835357
exp_2_cip_rs_multitask,all_targets,0,34,1906.142857142857,0.2750668227672577,0.2792105406522751,0.8508771657943726,0.5849424004554749,0.8500881791114807,0.9309132099151612,0.9278793334960938,0.3390205800533294
exp_2_cip_rs_multitask,all_targets,0,35,1960.25,0.2775154411792755,0.30689628173907596,0.8526315689086914,0.6015453338623047,0.8500000238418579,0.9334728717803956,0.9314004182815552,0.3337490856647491
exp_2_cip_rs_multitask,all_targets,0,36,2016.142857142857,0.2744829058647156,0.24445023834705348,0.8456140160560608,0.5928155779838562,0.8466898798942566,0.9314533472061156,0.9286056756973268,0.3400549292564392
exp_2_cip_rs_multitask,all_targets,0,37,2070.25,0.2714034020900726,0.28186003615458805,0.8526315689086914,0.5983818173408508,0.8521126508712769,0.9309911727905272,0.9284456968307496,0.3416286408901214
exp_2_cip_rs_multitask,all_targets,0,38,2126.1428571428573,0.2700065374374389,0.28538184165954583,0.8614035248756409,0.6000347137451172,0.8635578751564026,0.9325288534164428,0.9298614859580994,0.3368875086307525
exp_2_cip_rs_multitask,all_targets,0,39,2180.25,0.2624189853668213,0.2782463530699412,0.8473684191703796,0.6010123491287231,0.8471001982688904,0.9313693046569824,0.9287534356117249,0.3404386937618255
exp_2_cip_rs_multitask,all_targets,0,40,2236.1428571428573,0.2603345215320587,0.2806564480066299,0.8491228222846985,0.6031485795974731,0.8501741886138916,0.9308723211288452,0.9286550283432008,0.3474878966808319
exp_2_cip_rs_multitask,all_targets,0,41,2290.25,0.2560003399848938,0.2610912496844927,0.8543859720230103,0.5938923954963684,0.8530973196029663,0.9287115335464478,0.925675630569458,0.3489150106906891
exp_2_cip_rs_multitask,all_targets,0,42,2346.1428571428573,0.2528897821903229,0.2730551689863205,0.859649121761322,0.6053947806358337,0.859649121761322,0.9324629306793212,0.9294428825378418,0.3426935374736786
exp_2_cip_rs_multitask,all_targets,0,43,2400.25,0.2504560649394989,0.22325424104928968,0.8561403751373291,0.6112193465232849,0.8551236987113953,0.9305248260498048,0.9282363653182985,0.3483519852161407
exp_2_cip_rs_multitask,all_targets,0,44,2456.1428571428573,0.2497250884771347,0.22204655706882473,0.8561403751373291,0.6127145886421204,0.8551236987113953,0.932637333869934,0.929996907711029,0.3436731696128845
exp_2_cip_rs_multitask,all_targets,0,45,2510.25,0.2454760819673538,0.2552735159794489,0.8491228222846985,0.6176984906196594,0.847517728805542,0.9317820072174072,0.9290858507156372,0.3537594079971313
exp_2_cip_rs_multitask,all_targets,1,0,36.142857142857146,0.6868544220924377,0.6876387119293212,0.621052622795105,0.0665938258171081,0.6482084393501282,0.7660156488418579,0.7249984741210938,0.6380924582481384
exp_2_cip_rs_multitask,all_targets,1,1,90.25,0.503592312335968,0.5054091215133667,0.6526315808296204,0.3298370242118835,0.6655405163764954,0.8037328720092773,0.7797722220420837,0.4643744826316833
exp_2_cip_rs_multitask,all_targets,1,2,146.14285714285714,0.4633353054523468,0.46378991603851316,0.680701732635498,0.3361955881118774,0.6851211190223694,0.8196868896484375,0.8036442399024963,0.4605903625488281
exp_2_cip_rs_multitask,all_targets,1,3,200.25,0.458903968334198,0.46033033231894177,0.6649122834205627,0.3354729413986206,0.6347992420196533,0.8005448579788208,0.7773345708847046,0.4692597091197967
exp_2_cip_rs_multitask,all_targets,1,4,256.14285714285717,0.4482422471046448,0.4536083579063416,0.6508771777153015,0.3471846580505371,0.5701943635940552,0.8133547306060791,0.7988673448562622,0.4737721085548401
exp_2_cip_rs_multitask,all_targets,1,5,310.25,0.4465847313404083,0.4368445922931035,0.7491227984428406,0.3692048788070678,0.7776049971580505,0.8586609363555908,0.8497137427330017,0.4398488402366638
exp_2_cip_rs_multitask,all_targets,1,6,366.14285714285717,0.4490323066711426,0.4619746387004852,0.719298243522644,0.3574053049087524,0.6958174705505371,0.8361015319824219,0.8243028521537781,0.4525537192821502
exp_2_cip_rs_multitask,all_targets,1,7,420.25,0.4387176632881164,0.4448508769273758,0.7298245429992676,0.3738734722137451,0.7094339728355408,0.8525338172912598,0.8440628051757812,0.4435316622257232
exp_2_cip_rs_multitask,all_targets,1,8,476.14285714285717,0.4352713227272033,0.43214995265007017,0.7596490979194641,0.3767473697662353,0.7476979494094849,0.859224796295166,0.8533456325531006,0.4378255307674408
exp_2_cip_rs_multitask,all_targets,1,9,530.25,0.4248603880405426,0.4178396165370941,0.7631579041481018,0.3969148397445678,0.7558770179748535,0.8715618848800659,0.8654971122741699,0.4232684671878814
exp_2_cip_rs_multitask,all_targets,1,10,586.1428571428571,0.4237131476402282,0.4165374577045441,0.7561403512954712,0.4044424295425415,0.7440147399902344,0.876128077507019,0.8683656454086304,0.4198992848396301
exp_2_cip_rs_multitask,all_targets,1,11,640.25,0.4190203845500946,0.416894589861234,0.74210524559021,0.4087722301483154,0.7512690424919128,0.8699424266815186,0.8595260381698608,0.4280461072921753
exp_2_cip_rs_multitask,all_targets,1,12,696.1428571428571,0.4100497961044311,0.3985662996768951,0.7649123072624207,0.4270048141479492,0.7681660652160645,0.884361982345581,0.8750385046005249,0.4096909463405609
exp_2_cip_rs_multitask,all_targets,1,13,750.25,0.40374556183815,0.4321851134300232,0.7736842036247253,0.4293786287307739,0.7764298319816589,0.8803545832633972,0.8709880709648132,0.4119270443916321
exp_2_cip_rs_multitask,all_targets,1,14,806.1428571428571,0.3922882974147796,0.3859600365161896,0.7701754570007324,0.4449119567871094,0.7631102800369263,0.8903571367263794,0.8818836808204651,0.4003420770168304
exp_2_cip_rs_multitask,all_targets,1,15,860.25,0.3881628215312958,0.382824182510376,0.7789473533630371,0.4516990184783935,0.7749999761581421,0.8881848454475403,0.8794090747833252,0.406349778175354
exp_2_cip_rs_multitask,all_targets,1,16,916.1428571428571,0.3828765749931335,0.378764259815216,0.7824561595916748,0.4525916576385498,0.7847222089767456,0.8864205479621887,0.8776853680610657,0.4065751433372497
exp_2_cip_rs_multitask,all_targets,1,17,970.25,0.3756338357925415,0.3892182260751724,0.7859649062156677,0.4637037515640259,0.7910959124565125,0.897515058517456,0.8886549472808838,0.3938228189945221
exp_2_cip_rs_multitask,all_targets,1,18,1026.142857142857,0.3649439513683319,0.36535157561302184,0.7912280559539795,0.4655733108520508,0.7808471322059631,0.8938868045806885,0.8854047656059265,0.4026632010936737
exp_2_cip_rs_multitask,all_targets,1,19,1080.25,0.3604626655578613,0.36251088480154675,0.7947368621826172,0.4697333574295044,0.8033613562583923,0.8942326307296753,0.8852939605712891,0.4067752063274383
exp_2_cip_rs_multitask,all_targets,1,20,1136.142857142857,0.3546174764633178,0.3524738192558288,0.8052631616592407,0.4890801906585693,0.8049209117889404,0.9024674892425536,0.8956232666969299,0.3851324319839477
exp_2_cip_rs_multitask,all_targets,1,21,1190.25,0.3492527306079864,0.33839612205823255,0.7877193093299866,0.49346923828125,0.7924528121948242,0.9044986963272096,0.8978270292282104,0.3849235475063324
exp_2_cip_rs_multitask,all_targets,1,22,1246.142857142857,0.3455074727535248,0.317488431930542,0.8087719082832336,0.4928497076034546,0.8063943386077881,0.8996219635009766,0.8925700187683105,0.3958158195018768
exp_2_cip_rs_multitask,all_targets,1,23,1300.25,0.344459056854248,0.34372109671433765,0.8035087585449219,0.5008125901222229,0.798561155796051,0.9045007228851318,0.8984426259994507,0.3859078586101532
exp_2_cip_rs_multitask,all_targets,1,24,1356.142857142857,0.3335213363170624,0.33184869885444634,0.8070175647735596,0.5207252502441406,0.807692289352417,0.9107019901275636,0.9050784707069396,0.3772203326225281
exp_2_cip_rs_multitask,all_targets,1,25,1410.25,0.3346500992774963,0.3360600670178731,0.8035087585449219,0.5257911682128906,0.8108108043670654,0.9143506288528442,0.9096337556838988,0.3735387027263641
exp_2_cip_rs_multitask,all_targets,1,26,1466.142857142857,0.3225873112678528,0.3180141091346741,0.8017544150352478,0.5259940028190613,0.8055077195167542,0.9113222360610962,0.9062111377716064,0.3809792399406433
exp_2_cip_rs_multitask,all_targets,1,27,1520.25,0.3241766095161438,0.3377917855978012,0.8122807145118713,0.5223743319511414,0.8132635354995728,0.908208429813385,0.9029239416122437,0.3845868408679962
exp_2_cip_rs_multitask,all_targets,1,28,1576.142857142857,0.3266229331493377,0.32506491541862487,0.821052610874176,0.5337255001068115,0.8222996592521667,0.9177848100662231,0.9138196110725404,0.3622314631938934
exp_2_cip_rs_multitask,all_targets,1,29,1630.25,0.3082183301448822,0.33527615666389465,0.8280701637268066,0.5431830883026123,0.8268551230430603,0.9156547784805298,0.9110003113746644,0.3705129027366638
exp_2_cip_rs_multitask,all_targets,1,30,1686.142857142857,0.3076969385147095,0.30901380181312554,0.821052610874176,0.5361955165863037,0.8253424763679504,0.9109827280044556,0.9057310223579408,0.3819820582866668
exp_2_cip_rs_multitask,all_targets,1,31,1740.25,0.3045869469642639,0.2935871630907058,0.8298245668411255,0.5539712309837341,0.8295254707336426,0.9172381162643432,0.9134872555732728,0.3677612543106079
exp_2_cip_rs_multitask,all_targets,1,32,1796.142857142857,0.2995778024196625,0.31408166885375977,0.8298245668411255,0.557608425617218,0.8301225900650024,0.9203116297721864,0.9166759252548218,0.3634392619132995
exp_2_cip_rs_multitask,all_targets,1,33,1850.25,0.2966373562812805,0.2888076230883598,0.819298267364502,0.5479767322540283,0.825127363204956,0.917101502418518,0.9130070805549622,0.3746475875377655
exp_2_cip_rs_multitask,all_targets,1,34,1906.142857142857,0.2947512865066528,0.27964835464954374,0.8368421196937561,0.5672271847724915,0.8404802680015564,0.9231630563735962,0.9198399186134338,0.3571707904338836
exp_2_cip_rs_multitask,all_targets,1,35,1960.25,0.2928598821163177,0.30728048334519065,0.8315789699554443,0.5641663074493408,0.8309859037399292,0.92328679561615,0.919963002204895,0.3561334908008575
exp_2_cip_rs_multitask,all_targets,1,36,2016.142857142857,0.285181850194931,0.27522559165954585,0.8333333134651184,0.5747578740119934,0.8336251974105835,0.926124632358551,0.923176407814026,0.3523080348968506
exp_2_cip_rs_multitask,all_targets,1,37,2070.25,0.2831212282180786,0.30416206518808997,0.8315789699554443,0.5672362446784973,0.8297872543334961,0.9229215979576112,0.920418620109558,0.358419269323349
exp_2_cip_rs_multitask,all_targets,1,38,2126.1428571428573,0.280637264251709,0.2955439448356628,0.8245614171028137,0.5723452568054199,0.8263888955116272,0.9231419563293456,0.920418620109558,0.3596854209899902
exp_2_cip_rs_multitask,all_targets,1,39,2180.25,0.2929297089576721,0.31770019233226776,0.8508771657943726,0.585924506187439,0.8531951904296875,0.9273606538772584,0.9250107407569884,0.3462961912155151
exp_2_cip_rs_multitask,all_targets,1,40,2236.1428571428573,0.2801999747753143,0.2827277839183807,0.8438596725463867,0.5942677855491638,0.8407871127128601,0.9280843734741212,0.9254416823387146,0.3503868281841278
exp_2_cip_rs_multitask,all_targets,1,41,2290.25,0.2770580649375915,0.2818727592627207,0.8350877165794373,0.5912760496139526,0.8395904302597046,0.9277054071426392,0.924739956855774,0.3576320707798004
exp_2_cip_rs_multitask,all_targets,1,42,2346.1428571428573,0.2723555862903595,0.2817424714565277,0.8350877165794373,0.5912695527076721,0.8379310369491577,0.9276317954063416,0.9250969290733336,0.3506112396717071
exp_2_cip_rs_multitask,all_targets,1,43,2400.25,0.2680047452449798,0.2524256681402524,0.840350866317749,0.5919541716575623,0.8422877192497253,0.928505539894104,0.9256263375282288,0.3519934117794037
exp_2_cip_rs_multitask,all_targets,1,44,2456.1428571428573,0.2656495273113251,0.24414575099945068,0.8508771657943726,0.5954496264457703,0.8531951904296875,0.9298090934753418,0.9270052313804626,0.3464300334453583
exp_2_cip_rs_multitask,all_targets,1,45,2510.25,0.2689264416694641,0.2612932746609052,0.8438596725463867,0.5977614521980286,0.8419182896614075,0.9286816120147704,0.9260079860687256,0.3504957556724548
exp_2_cip_rs_multitask,all_targets,1,46,2566.1428571428573,0.2623099386692047,0.27324934899806974,0.8508771657943726,0.5847097635269165,0.8516579270362854,0.926715612411499,0.9230778217315674,0.3559286594390869
exp_2_cip_rs_multitask,all_targets,1,47,2620.25,0.2620073556900024,0.25474715232849116,0.8438596725463867,0.5918951034545898,0.8441330790519714,0.9278810024261476,0.9252693057060242,0.3522348403930664
exp_2_cip_rs_multitask,all_targets,1,48,2676.1428571428573,0.2592686414718628,0.2659327298402786,0.8456140160560608,0.5960869193077087,0.8411552309989929,0.9288912415504456,0.9261680841445924,0.3532429337501526
exp_2_cip_rs_multitask,all_targets,1,49,2730.25,0.2568860352039337,0.25310058643420535,0.8385964632034302,0.5961183905601501,0.8408304452896118,0.9295654296875,0.9263526797294616,0.3510114848613739
exp_2_cip_rs_multitask,all_targets,2,0,36.142857142857146,0.689487636089325,0.68991037607193,0.5035087466239929,0.0372371077537536,0.0139372823759913,0.5644891262054443,0.5848322510719299,0.6669783592224121
exp_2_cip_rs_multitask,all_targets,2,1,90.25,0.5260346531867981,0.5127045810222626,0.6684210300445557,0.3313304781913757,0.5039370059967041,0.8149657249450684,0.7959249019622803,0.4655422270298004
exp_2_cip_rs_multitask,all_targets,2,2,146.14285714285714,0.4648486673831939,0.463894248008728,0.6824561357498169,0.3319450616836548,0.6796460151672363,0.8188282251358032,0.798313319683075,0.4637952744960785
exp_2_cip_rs_multitask,all_targets,2,3,200.25,0.4568543136119842,0.45721128582954407,0.6877192854881287,0.3431828022003174,0.6739926934242249,0.8247994184494019,0.8093075156211853,0.4662414491176605
exp_2_cip_rs_multitask,all_targets,2,4,256.14285714285717,0.4525333046913147,0.4559647381305695,0.7122806906700134,0.3587511777877807,0.6809338331222534,0.8407692909240723,0.8301138877868652,0.451475441455841
exp_2_cip_rs_multitask,all_targets,2,5,310.25,0.4434894621372223,0.4375545531511307,0.7157894968986511,0.3614065647125244,0.7054545283317566,0.8456031084060669,0.8303723931312561,0.4481514096260071
exp_2_cip_rs_multitask,all_targets,2,6,366.14285714285717,0.4409416913986206,0.43417701721191404,0.7070175409317017,0.362621545791626,0.7085514664649963,0.8397730588912964,0.8216189742088318,0.4516457021236419
exp_2_cip_rs_multitask,all_targets,2,7,420.25,0.4279635548591614,0.4172824372847875,0.7315789461135864,0.3749340772628784,0.7107750177383423,0.8469938039779663,0.8357032537460327,0.4507469832897186
exp_2_cip_rs_multitask,all_targets,2,8,476.14285714285717,0.424064964056015,0.4296483814716339,0.719298243522644,0.3694431781768799,0.7014925479888916,0.8351207971572876,0.8191074132919312,0.4657749235630035
exp_2_cip_rs_multitask,all_targets,2,9,530.25,0.4223793745040893,0.43009840945402783,0.699999988079071,0.3713124990463257,0.6940966248512268,0.8332499265670776,0.8192305564880371,0.4657506048679352
exp_2_cip_rs_multitask,all_targets,2,10,586.1428571428571,0.4128508269786834,0.4170891523361206,0.7403509020805359,0.3953049182891845,0.7269372940063477,0.85973060131073,0.8460941910743713,0.4459758102893829
exp_2_cip_rs_multitask,all_targets,2,11,640.25,0.4107046127319336,0.43484451870123547,0.738596498966217,0.3860594034194946,0.7172675728797913,0.8482195138931274,0.8362818956375122,0.4531344771385193
exp_2_cip_rs_multitask,all_targets,2,12,696.1428571428571,0.4052479267120361,0.4026575744152069,0.7456140518188477,0.4026423692703247,0.7329649925231934,0.8596725463867188,0.8465127944946289,0.4452367424964905
exp_2_cip_rs_multitask,all_targets,2,13,750.25,0.3996945321559906,0.40945907433827716,0.7403509020805359,0.402921199798584,0.7557755708694458,0.8580913543701172,0.8454909324645996,0.4517573714256286
exp_2_cip_rs_multitask,all_targets,2,14,806.1428571428571,0.3959748148918152,0.37519723176956177,0.7543859481811523,0.4048237800598144,0.7635135054588318,0.867356538772583,0.8552293181419373,0.4310667812824249
exp_2_cip_rs_multitask,all_targets,2,15,860.25,0.3859379589557647,0.378003254532814,0.7403509020805359,0.4175338745117187,0.7338129281997681,0.8637457489967346,0.8533087372779846,0.4379288852214813
exp_2_cip_rs_multitask,all_targets,2,16,916.1428571428571,0.3789060413837433,0.37455912828445437,0.7210526466369629,0.4138115644454956,0.7195767164230347,0.8576899766921997,0.8442720174789429,0.4541580080986023
exp_2_cip_rs_multitask,all_targets,2,17,970.25,0.3733319044113159,0.36443273226420086,0.7684210538864136,0.4399131536483764,0.7770270109176636,0.8787102699279785,0.8687472939491272,0.4240034222602844
exp_2_cip_rs_multitask,all_targets,2,18,1026.142857142857,0.3756748735904693,0.3692821860313415,0.7526316046714783,0.4172710180282593,0.7530648112297058,0.8585339784622192,0.8471160531044006,0.4564167857170105
exp_2_cip_rs_multitask,all_targets,2,19,1080.25,0.3672398924827575,0.3514242072900136,0.7736842036247253,0.4476622343063354,0.7764298319816589,0.8877938985824585,0.8773776888847351,0.4093286991119385
exp_2_cip_rs_multitask,all_targets,2,20,1136.142857142857,0.3605756759643554,0.3450713455677032,0.7754386067390442,0.4510576725006103,0.7655677795410156,0.8866918087005615,0.8794214129447937,0.408356100320816
exp_2_cip_rs_multitask,all_targets,2,21,1190.25,0.3485167324542999,0.3692155679066976,0.7684210538864136,0.4687705039978027,0.7642857432365417,0.8897473216056824,0.8808987736701965,0.4101341664791107
exp_2_cip_rs_multitask,all_targets,2,22,1246.142857142857,0.3493343889713287,0.3575205862522125,0.777193009853363,0.457497239112854,0.7752212285995483,0.8891775608062744,0.882080614566803,0.4000071287155151
exp_2_cip_rs_multitask,all_targets,2,23,1300.25,0.3427363932132721,0.3291461765766143,0.7684210538864136,0.4672718048095703,0.7591241002082825,0.8898698091506958,0.8828192949295044,0.4022433161735534
exp_2_cip_rs_multitask,all_targets,2,24,1356.142857142857,0.3400321304798126,0.33963671922683714,0.7824561595916748,0.4782516956329345,0.7869415879249573,0.8949378728866577,0.8857248425483704,0.4044724702835083
exp_2_cip_rs_multitask,all_targets,2,25,1410.25,0.3318039178848266,0.354878102739652,0.7649123072624207,0.4787354469299316,0.7563636302947998,0.8926483392715454,0.8857494592666626,0.4004537165164947
exp_2_cip_rs_multitask,all_targets,2,26,1466.142857142857,0.3302398920059204,0.32005788683891295,0.7929824590682983,0.4959523677825928,0.7877697944641113,0.9028961658477784,0.8971621990203857,0.3869170248508453
exp_2_cip_rs_multitask,all_targets,2,27,1520.25,0.3204440772533417,0.3326270679632823,0.7736842036247253,0.4983001947402954,0.7732864618301392,0.9024739861488342,0.8941459059715271,0.3884689211845398
exp_2_cip_rs_multitask,all_targets,2,28,1576.142857142857,0.3152092397212982,0.29278639554977415,0.8122807145118713,0.5099198222160339,0.8151986002922058,0.9114564657211304,0.9052507877349854,0.3735868632793426
exp_2_cip_rs_multitask,all_targets,2,29,1630.25,0.3157405257225036,0.32680131991704303,0.761403501033783,0.4935648441314697,0.7545126080513,0.8993290662765503,0.8923976421356201,0.3919942080974579
exp_2_cip_rs_multitask,all_targets,2,30,1686.142857142857,0.3091571033000946,0.3184922277927399,0.8070175647735596,0.5191994309425354,0.8070175647735596,0.9132311344146729,0.9091166257858276,0.3662994503974914
exp_2_cip_rs_multitask,all_targets,2,31,1740.25,0.305439293384552,0.30904397616783774,0.7877193093299866,0.5143505930900574,0.7880910634994507,0.90847647190094,0.9036257266998292,0.372060477733612
exp_2_cip_rs_multitask,all_targets,2,32,1796.142857142857,0.3047135174274444,0.29788950383663176,0.761403501033783,0.4814131259918213,0.761403501033783,0.8901896476745605,0.8827577829360962,0.4116233885288238
exp_2_cip_rs_multitask,all_targets,2,33,1850.25,0.3018900752067566,0.2951642423868179,0.8017544150352478,0.5239692330360413,0.800000011920929,0.9128901958465576,0.9085257053375244,0.3645054399967193
exp_2_cip_rs_multitask,all_targets,2,34,1906.142857142857,0.2986342906951904,0.2900046706199646,0.8070175647735596,0.532350480556488,0.8035714030265808,0.9184851050376892,0.9134625792503356,0.357828825712204
exp_2_cip_rs_multitask,all_targets,2,35,1960.25,0.2906365394592285,0.2975857158501943,0.8157894611358643,0.5381137728691101,0.8114901185035706,0.9194865226745604,0.9154324531555176,0.3558748066425323
exp_2_cip_rs_multitask,all_targets,2,36,2016.142857142857,0.2943346798419952,0.3096139132976532,0.8052631616592407,0.5413711667060852,0.7992766499519348,0.9200246930122375,0.9155678749084472,0.3555689752101898
exp_2_cip_rs_multitask,all_targets,2,37,2070.25,0.2901758551597595,0.28572613249222434,0.821052610874176,0.5526564717292786,0.8216783404350281,0.9243497252464294,0.9209972023963928,0.3457246422767639
exp_2_cip_rs_multitask,all_targets,2,38,2126.1428571428573,0.2863500118255615,0.29431238770484924,0.8122807145118713,0.5430235266685486,0.8139130473136902,0.9191927909851074,0.9142012596130372,0.3573417365550995
exp_2_cip_rs_multitask,all_targets,2,39,2180.25,0.280889481306076,0.2831681594252586,0.8298245668411255,0.5516943335533142,0.8324697613716125,0.9213812351226808,0.9181655645370485,0.3560301959514618
exp_2_cip_rs_multitask,all_targets,2,40,2236.1428571428573,0.2803745567798614,0.284047782421112,0.7894737124443054,0.5264739394187927,0.7894737124443054,0.9095378518104552,0.9051153659820556,0.3693742752075195
exp_2_cip_rs_multitask,all_targets,2,41,2290.25,0.2785583138465881,0.2677894035975138,0.8087719082832336,0.5512099862098694,0.8063943386077881,0.9188714623451232,0.913610339164734,0.3632731437683105
exp_2_cip_rs_multitask,all_targets,2,42,2346.1428571428573,0.27569580078125,0.26689431965351107,0.7842105031013489,0.5211036801338196,0.7815275192260742,0.9065581560134888,0.8990335464477539,0.3886887431144714
exp_2_cip_rs_multitask,all_targets,2,43,2400.25,0.2747124433517456,0.25975287208954495,0.8175438642501831,0.5549095273017883,0.8206896781921387,0.9236708879470824,0.9182517528533936,0.3508834540843963
exp_2_cip_rs_multitask,all_targets,2,44,2456.1428571428573,0.2709123194217682,0.2580359131097793,0.8017544150352478,0.5534927845001221,0.8068376183509827,0.9201136827468872,0.9136595129966736,0.3674517273902893
exp_2_cip_rs_multitask,all_targets,2,45,2510.25,0.2710372507572174,0.2701258510351181,0.8035087585449219,0.5459490418434143,0.7992831468582153,0.9189276099205016,0.9121206402778624,0.3610513806343078
exp_2_cip_rs_multitask,all_targets,2,46,2566.1428571428573,0.2669204175472259,0.27221169471740725,0.8052631616592407,0.5581936836242676,0.8035398125648499,0.9210066199302672,0.9167497754096984,0.3541213870048523
exp_2_cip_rs_multitask,all_targets,2,47,2620.25,0.2673036456108093,0.30127669622500736,0.8105263113975525,0.5457522869110107,0.8078292012214661,0.9151394367218018,0.9102123379707336,0.3698950111865997
exp_2_cip_rs_multitask,all_targets,3,0,36.142857142857146,0.6920673847198486,0.6914398193359375,0.5771929621696472,0.0139265060424804,0.66008460521698,0.5074336528778076,0.5494613647460938,0.6803115010261536
exp_2_cip_rs_multitask,all_targets,3,1,90.25,0.5392636656761169,0.5384678343931834,0.6649122834205627,0.3276017904281616,0.5283950567245483,0.8072323799133301,0.7828255295753479,0.4698425233364105
exp_2_cip_rs_multitask,all_targets,3,2,146.14285714285714,0.4634347259998321,0.46394402384757993,0.6684210300445557,0.3347829580307007,0.6086956262588501,0.8110044002532959,0.7940658330917358,0.4655772447586059
exp_2_cip_rs_multitask,all_targets,3,3,200.25,0.4582185447216034,0.46727265417575836,0.6877192854881287,0.3459105491638183,0.6739926934242249,0.8208755254745483,0.8062172532081604,0.4656699597835541
exp_2_cip_rs_multitask,all_targets,3,4,256.14285714285717,0.4517278373241424,0.4522145986557007,0.7140350937843323,0.3637639284133911,0.7175043225288391,0.8360843658447266,0.8231455683708191,0.4497668743133545
exp_2_cip_rs_multitask,all_targets,3,5,310.25,0.4430191218852997,0.4416179209947586,0.7122806906700134,0.3670029640197754,0.7191780805587769,0.8402037620544434,0.8281194567680359,0.4480997622013092
exp_2_cip_rs_multitask,all_targets,3,6,366.14285714285717,0.4443743228912353,0.43272669315338136,0.722806990146637,0.3559321165084839,0.7198581695556641,0.8356291055679321,0.8213357925415039,0.4512663781642914
exp_2_cip_rs_multitask,all_targets,3,7,420.25,0.4320810437202453,0.4263926148414612,0.6947368383407593,0.3580307960510254,0.6947368383407593,0.8228268623352051,0.8067466616630554,0.4754354953765869
exp_2_cip_rs_multitask,all_targets,3,8,476.14285714285717,0.4284596443176269,0.43823713064193726,0.7438596487045288,0.3798656463623047,0.75,0.8462551832199097,0.8348784446716309,0.4492470324039459
exp_2_cip_rs_multitask,all_targets,3,9,530.25,0.4229497015476227,0.42211341361204785,0.7298245429992676,0.37385094165802,0.7353951930999756,0.8423284292221069,0.8303847312927246,0.4523877501487732
exp_2_cip_rs_multitask,all_targets,3,10,586.1428571428571,0.4129507541656494,0.4203369617462158,0.7350876927375793,0.39444100856781,0.7401032447814941,0.8542189598083496,0.8418713808059692,0.4436095654964447
exp_2_cip_rs_multitask,all_targets,3,11,640.25,0.4069272577762604,0.42048730949560803,0.738596498966217,0.4071146249771118,0.7324954867362976,0.861817479133606,0.8508464097976685,0.4377908706665039
exp_2_cip_rs_multitask,all_targets,3,12,696.1428571428571,0.40546315908432,0.41000413298606875,0.7333333492279053,0.3962974548339844,0.7406143546104431,0.8531476259231567,0.8417358994483948,0.4453525245189667
exp_2_cip_rs_multitask,all_targets,3,13,750.25,0.395165205001831,0.4129949708779653,0.719298243522644,0.3939399719238281,0.7231833934783936,0.8531061410903931,0.8372175693511963,0.457855224609375
exp_2_cip_rs_multitask,all_targets,3,14,806.1428571428571,0.3954647481441498,0.4081636667251587,0.7368420958518982,0.4026646614074707,0.744027316570282,0.8520748615264893,0.8401108384132385,0.4562455117702484
exp_2_cip_rs_multitask,all_targets,3,15,860.25,0.3815954029560089,0.3791045993566513,0.7701754570007324,0.4178850650787353,0.7523629665374756,0.8696020841598511,0.8601661920547485,0.4305469095706939
exp_2_cip_rs_multitask,all_targets,3,16,916.1428571428571,0.3739651143550873,0.36814325451850893,0.7491227984428406,0.4191392660140991,0.7530224323272705,0.8626754283905029,0.8530132174491882,0.440853089094162
exp_2_cip_rs_multitask,all_targets,3,17,970.25,0.3682015836238861,0.3535267114639282,0.7491227984428406,0.4164818525314331,0.7432674765586853,0.8568516969680786,0.8486796021461487,0.4532962143421173
exp_2_cip_rs_multitask,all_targets,3,18,1026.142857142857,0.3692739307880401,0.3770855128765106,0.7508772015571594,0.4146096706390381,0.7508772015571594,0.8651449680328369,0.8568913340568542,0.4329195320606231
exp_2_cip_rs_multitask,all_targets,3,19,1080.25,0.3571865856647491,0.3625271916389465,0.7561403512954712,0.4403954744338989,0.7557117938995361,0.8734848499298096,0.8664574027061462,0.4315230846405029
exp_2_cip_rs_multitask,all_targets,3,20,1136.142857142857,0.347098171710968,0.346567964553833,0.7631579041481018,0.4645429849624634,0.7567567825317383,0.8829137086868286,0.8768605589866638,0.4199123978614807
exp_2_cip_rs_multitask,all_targets,3,21,1190.25,0.3406929075717926,0.34387069940567017,0.7912280559539795,0.4702857732772827,0.7775700688362122,0.8897775411605835,0.8864019513130188,0.4074544310569763
exp_2_cip_rs_multitask,all_targets,3,22,1246.142857142857,0.3335452675819397,0.3409265160560608,0.7684210538864136,0.4690489768981933,0.7634408473968506,0.8880056142807007,0.8796182870864868,0.4120623767375946
exp_2_cip_rs_multitask,all_targets,3,23,1300.25,0.3404755294322967,0.3591595043738683,0.780701756477356,0.466515302658081,0.7714807987213135,0.8849705457687378,0.8801230788230896,0.4235834181308746
exp_2_cip_rs_multitask,all_targets,3,24,1356.142857142857,0.3271528780460357,0.33346466422080995,0.7859649062156677,0.4798367023468017,0.7821428775787354,0.8929091691970825,0.8880394101142883,0.4017888009548187
exp_2_cip_rs_multitask,all_targets,3,25,1410.25,0.3197680115699768,0.31645630300045013,0.780701756477356,0.4852967262268066,0.7654784321784973,0.8953404426574707,0.8907603025436401,0.4043345749378204
exp_2_cip_rs_multitask,all_targets,3,26,1466.142857142857,0.3154100179672241,0.29749907255172725,0.7912280559539795,0.4973847866058349,0.7937608361244202,0.8944836854934692,0.8893444538116455,0.4070085883140564
exp_2_cip_rs_multitask,all_targets,3,27,1520.25,0.3102712631225586,0.2891085470716158,0.7912280559539795,0.4847365617752075,0.7893805503845215,0.889034628868103,0.8835703134536743,0.4122890532016754
exp_2_cip_rs_multitask,all_targets,3,28,1576.142857142857,0.3080349564552307,0.3074800908565521,0.7877193093299866,0.4986816644668579,0.7795992493629456,0.8959871530532837,0.8910434246063232,0.405108630657196
exp_2_cip_rs_multitask,all_targets,3,29,1630.25,0.3020831644535064,0.31107454498608905,0.8017544150352478,0.4956011772155761,0.8034782409667969,0.8904522061347961,0.8857740759849548,0.4158210754394531
exp_2_cip_rs_multitask,all_targets,3,30,1686.142857142857,0.2962289750576019,0.29784269928932183,0.8035087585449219,0.5105409026145935,0.8007117509841919,0.9026030898094176,0.8988612294197083,0.3913303911685943
exp_2_cip_rs_multitask,all_targets,3,31,1740.25,0.3012809455394745,0.2931497097015381,0.8017544150352478,0.503487765789032,0.8081493973731995,0.8939957022666931,0.8918190598487854,0.4195505380630493
exp_2_cip_rs_multitask,all_targets,3,32,1796.142857142857,0.2966398596763611,0.30952045917510984,0.7894737124443054,0.5209136009216309,0.7833935022354126,0.9000657796859741,0.897063672542572,0.4023910164833069
exp_2_cip_rs_multitask,all_targets,3,33,1850.25,0.2888351678848266,0.27077390501896537,0.800000011920929,0.5147731900215149,0.7956989407539368,0.9008117914199828,0.8956725001335144,0.3970375061035156
exp_2_cip_rs_multitask,all_targets,3,34,1906.142857142857,0.286895602941513,0.27672708630561826,0.7824561595916748,0.5139761567115784,0.7753623127937317,0.902763843536377,0.8973715305328369,0.3924951255321502
exp_2_cip_rs_multitask,all_targets,3,35,1960.25,0.283902108669281,0.3021315981944402,0.7894737124443054,0.5019134283065796,0.7841726541519165,0.8908742666244507,0.883668839931488,0.4300174713134765
exp_2_cip_rs_multitask,all_targets,3,36,2016.142857142857,0.2844688594341278,0.28799932003021234,0.7982456088066101,0.5083091855049133,0.7971781492233276,0.8975105285644531,0.891523540019989,0.4066968560218811
exp_2_cip_rs_multitask,all_targets,3,37,2070.25,0.2755415439605713,0.287620909512043,0.7859649062156677,0.5194762945175171,0.783687949180603,0.8967094421386719,0.8913388848304749,0.4208435714244842
exp_2_cip_rs_multitask,all_targets,3,38,2126.1428571428573,0.2754416167736053,0.2959356367588043,0.7877193093299866,0.5271376967430115,0.7811934947967529,0.9017911553382874,0.8973838090896606,0.4018463790416717
exp_2_cip_rs_multitask,all_targets,3,39,2180.25,0.2697717547416687,0.2593792875607808,0.7894737124443054,0.5271723866462708,0.7902097702026367,0.9013171195983888,0.8971621990203857,0.4093860387802124
exp_2_cip_rs_multitask,all_targets,3,40,2236.1428571428573,0.2708458304405212,0.27134820520877834,0.7947368621826172,0.526343822479248,0.7965217232704163,0.9049625992774964,0.8986396193504333,0.3968574106693268
exp_2_cip_rs_multitask,all_targets,4,0,36.142857142857146,0.6908868551254272,0.691606855392456,0.6614035367965698,0.0311329364776611,0.6631762385368347,0.7752370834350586,0.7136349678039551,0.6644513607025146
exp_2_cip_rs_multitask,all_targets,4,1,90.25,0.5431838035583496,0.5593718190987905,0.6684210300445557,0.329054594039917,0.5039370059967041,0.8061486482620239,0.782985508441925,0.469385027885437
exp_2_cip_rs_multitask,all_targets,4,2,146.14285714285714,0.4651708602905273,0.46595242619514465,0.6859649419784546,0.3364653587341308,0.6199575662612915,0.8182300329208374,0.8005416989326477,0.4620280563831329
exp_2_cip_rs_multitask,all_targets,4,3,200.25,0.4575078189373016,0.46030504008134204,0.699999988079071,0.3389292955398559,0.7066895365715027,0.8062599897384644,0.7875900268554688,0.4634659588336944
exp_2_cip_rs_multitask,all_targets,4,4,256.14285714285717,0.4521030485630035,0.4505061686038971,0.6947368383407593,0.3453755378723144,0.6520000100135803,0.821497917175293,0.8021790981292725,0.4621710479259491
exp_2_cip_rs_multitask,all_targets,4,5,310.25,0.4461233913898468,0.44791985551516217,0.699999988079071,0.3454850912094116,0.713567852973938,0.8183566331863403,0.8004063367843628,0.4689846634864807
exp_2_cip_rs_multitask,all_targets,4,6,366.14285714285717,0.4435285329818725,0.45020843744277955,0.6947368383407593,0.3565967082977295,0.6729323267936707,0.8323107957839966,0.8103416562080383,0.4606145024299621
exp_2_cip_rs_multitask,all_targets,4,7,420.25,0.4367991685867309,0.4261305381854375,0.7017543911933899,0.3573719263076782,0.6931408047676086,0.8311401605606079,0.8114619255065918,0.4642629623413086
exp_2_cip_rs_multitask,all_targets,4,8,476.14285714285717,0.4312573075294494,0.4202787220478058,0.7175438404083252,0.37741219997406,0.7170474529266357,0.8429358005523682,0.8310741782188416,0.445019781589508
exp_2_cip_rs_multitask,all_targets,4,9,530.25,0.4268305003643036,0.4111475745836894,0.7473683953285217,0.3816624879837036,0.7534246444702148,0.8502756953239441,0.8395814299583435,0.4393864870071411
exp_2_cip_rs_multitask,all_targets,4,10,586.1428571428571,0.416742205619812,0.41911861300468445,0.738596498966217,0.4046012163162231,0.7512521147727966,0.8631737232208252,0.8514742851257324,0.4304719567298889
exp_2_cip_rs_multitask,all_targets,4,11,640.25,0.4231466650962829,0.42504792908827466,0.7122806906700134,0.3909492492675781,0.7201365232467651,0.8535088300704956,0.8377223610877991,0.4438735246658325
exp_2_cip_rs_multitask,all_targets,4,12,696.1428571428571,0.4090303480625152,0.4191399455070496,0.7052631378173828,0.3976101875305176,0.6934306621551514,0.8516396284103394,0.8408864140510559,0.4453460276126861
exp_2_cip_rs_multitask,all_targets,4,13,750.25,0.4077905118465423,0.4094226409991582,0.7157894968986511,0.4007772207260132,0.71875,0.8556674718856812,0.8403693437576294,0.4426713287830353
exp_2_cip_rs_multitask,all_targets,4,14,806.1428571428571,0.4084127843379974,0.40972745418548584,0.7473683953285217,0.4173184633255005,0.7343173623085022,0.86576247215271,0.8523483872413635,0.4358958005905151
exp_2_cip_rs_multitask,all_targets,4,15,860.25,0.3961009681224823,0.38986872136592865,0.7596490979194641,0.4338785409927368,0.7549194693565369,0.8799780011177063,0.8710988163948059,0.4094061851501465
exp_2_cip_rs_multitask,all_targets,4,16,916.1428571428571,0.3882226049900055,0.380930358171463,0.761403501033783,0.4412785768508911,0.7638888955116272,0.8834947347640991,0.8763311505317688,0.4050076603889465
exp_2_cip_rs_multitask,all_targets,4,17,970.25,0.3876416683197021,0.3641281972328822,0.7666666507720947,0.4389023780822754,0.7514018416404724,0.8872940540313721,0.8790643811225891,0.4062727689743042
exp_2_cip_rs_multitask,all_targets,4,18,1026.142857142857,0.3827404081821441,0.3697364151477814,0.7631579041481018,0.4386476278305053,0.7584972977638245,0.885725736618042,0.8769466876983643,0.401606798171997
exp_2_cip_rs_multitask,all_targets,4,19,1080.25,0.3779805898666382,0.39978530009587604,0.7684210538864136,0.453036904335022,0.7676056623458862,0.8915691375732422,0.8835333585739136,0.3966382145881653
exp_2_cip_rs_multitask,all_targets,4,20,1136.142857142857,0.3684050440788269,0.35471774339675904,0.7719298005104065,0.4548605680465698,0.7695035338401794,0.8876817226409912,0.8807386755943298,0.3975243270397186
exp_2_cip_rs_multitask,all_targets,4,21,1190.25,0.3675538599491119,0.3793398191531499,0.780701756477356,0.4759632349014282,0.7841105461120605,0.9017539024353028,0.8959556818008423,0.3808392882347107
exp_2_cip_rs_multitask,all_targets,4,22,1246.142857142857,0.3557024002075195,0.34527453184127804,0.7947368621826172,0.4803004264831543,0.7861060500144958,0.8996989727020264,0.8948107361793518,0.3841106295585632
exp_2_cip_rs_multitask,all_targets,4,23,1300.25,0.3536854386329651,0.3782951980829239,0.7789473533630371,0.480604887008667,0.7758007049560547,0.896821141242981,0.8901447057723999,0.3869369626045227
exp_2_cip_rs_multitask,all_targets,4,24,1356.142857142857,0.3511826395988464,0.3463660180568695,0.7912280559539795,0.48329758644104,0.7923211455345154,0.9019103050231934,0.8964357972145081,0.3813638985157013
exp_2_cip_rs_multitask,all_targets,4,25,1410.25,0.3480696678161621,0.34349556267261505,0.780701756477356,0.4767050743103027,0.7723132967948914,0.8969703316688538,0.8894921541213989,0.3923160135746002
exp_2_cip_rs_multitask,all_targets,4,26,1466.142857142857,0.3437667191028595,0.34695250988006593,0.7982456088066101,0.4949302673339844,0.7950088977813721,0.9053843021392822,0.9011388421058656,0.3736936151981354
exp_2_cip_rs_multitask,all_targets,4,27,1520.25,0.3459327816963196,0.32650386293729144,0.8157894611358643,0.5085410475730896,0.8154657483100891,0.9120391011238098,0.9076884984970092,0.3652864396572113
exp_2_cip_rs_multitask,all_targets,4,28,1576.142857142857,0.3340378701686859,0.33263839483261104,0.7964912056922913,0.5039525032043457,0.7964912056922913,0.9082241058349608,0.9020745158195496,0.3712312877178192
exp_2_cip_rs_multitask,all_targets,4,29,1630.25,0.3284662067890167,0.32693928976853687,0.8228070139884949,0.5098206996917725,0.8243478536605835,0.9124284982681274,0.908070147037506,0.3637520372867584
exp_2_cip_rs_multitask,all_targets,4,30,1686.142857142857,0.3255010843276977,0.3446904182434082,0.8070175647735596,0.5031323432922363,0.8070175647735596,0.9109760522842408,0.90569406747818,0.3688269853591919
exp_2_cip_rs_multitask,all_targets,4,31,1740.25,0.3243172466754913,0.3336295038461685,0.8298245668411255,0.5136208534240723,0.8277087211608887,0.9154270887374878,0.9113696813583374,0.359247624874115
exp_2_cip_rs_multitask,all_targets,4,32,1796.142857142857,0.3228283524513244,0.31514338254928587,0.8140350580215454,0.5227801203727722,0.8166090250015259,0.9146478772163392,0.910975694656372,0.3599162697792053
exp_2_cip_rs_multitask,all_targets,4,33,1850.25,0.3157293200492859,0.3141335248947143,0.8140350580215454,0.5223225951194763,0.818493127822876,0.9149657487869264,0.9103108644485474,0.3601531088352203
exp_2_cip_rs_multitask,all_targets,4,34,1906.142857142857,0.3122510015964508,0.28464342355728145,0.8368421196937561,0.5323534607887268,0.8365553617477417,0.9190912246704102,0.9145706295967102,0.3541463315486908
exp_2_cip_rs_multitask,all_targets,4,35,1960.25,0.3094587624073028,0.3072999988993009,0.8228070139884949,0.530613899230957,0.826161801815033,0.9202814102172852,0.916700541973114,0.3512120842933655
exp_2_cip_rs_multitask,all_targets,4,36,2016.142857142857,0.3092200756072998,0.27397601604461663,0.8228070139884949,0.5315465927124023,0.8212389349937439,0.9140750169754028,0.909473717212677,0.3688192069530487
exp_2_cip_rs_multitask,all_targets,4,37,2070.25,0.3099541068077087,0.2966901858647664,0.8280701637268066,0.5490677952766418,0.824999988079071,0.9220727682113647,0.9181902408599854,0.3497301042079925
exp_2_cip_rs_multitask,all_targets,4,38,2126.1428571428573,0.3006468415260315,0.32505289316177366,0.819298267364502,0.5312778353691101,0.8150807619094849,0.918575406074524,0.9143244028091432,0.3576545715332031
exp_2_cip_rs_multitask,all_targets,4,39,2180.25,0.2992811799049377,0.3034384250640869,0.8070175647735596,0.5328832864761353,0.8096885681152344,0.9200330972671508,0.9153954982757568,0.3547665178775787
exp_2_cip_rs_multitask,all_targets,4,40,2236.1428571428573,0.3012379109859466,0.3066169738769531,0.8368421196937561,0.5518773198127747,0.8404802680015564,0.9242902398109436,0.921144962310791,0.3466640412807464
exp_2_cip_rs_multitask,all_targets,4,41,2290.25,0.2947733104228973,0.30418990055720013,0.8298245668411255,0.5448432564735413,0.8277087211608887,0.9243252873420716,0.9198399782180786,0.3474500179290771
exp_2_cip_rs_multitask,all_targets,4,42,2346.1428571428573,0.2892681956291199,0.2979767620563507,0.8438596725463867,0.5539684295654297,0.8413547277450562,0.9218924641609192,0.9180548191070556,0.3524411022663116
exp_2_cip_rs_multitask,all_targets,4,43,2400.25,0.2888520956039428,0.2686204041043917,0.8456140160560608,0.5603907704353333,0.8450704216957092,0.9272289872169496,0.9235457181930542,0.3415115773677826
exp_2_cip_rs_multitask,all_targets,4,44,2456.1428571428573,0.286935418844223,0.2786989212036133,0.8473684191703796,0.5557674765586853,0.8449198007583618,0.9237748384475708,0.9202461838722228,0.3528505861759186
exp_2_cip_rs_multitask,all_targets,4,45,2510.25,0.2875717282295227,0.2915284236272176,0.8315789699554443,0.5531942248344421,0.826714813709259,0.9229081869125366,0.9194828867912292,0.3508148491382599
exp_2_cip_rs_multitask,all_targets,4,46,2566.1428571428573,0.2861783504486084,0.29631197452545166,0.8333333134651184,0.5436347126960754,0.8324515223503113,0.922455072402954,0.9188427329063416,0.3477016091346741
exp_2_cip_rs_multitask,all_targets,4,47,2620.25,0.2854242324829101,0.28808633983135223,0.8035087585449219,0.5388899445533752,0.8021201491355896,0.9155886173248292,0.9109387397766112,0.365132063627243
exp_2_cip_rs_multitask,all_targets,4,48,2676.1428571428573,0.2820251584053039,0.28072683811187743,0.8473684191703796,0.5611135363578796,0.8492200970649719,0.924859881401062,0.9217482209205629,0.3444404602050781
exp_2_cip_rs_multitask,all_targets,4,49,2730.25,0.2781969010829925,0.2712625935673713,0.8350877165794373,0.564456045627594,0.8362369537353516,0.9256162643432616,0.9225361347198486,0.3435840606689453
exp_2_cip_rs_multitask,all_targets,4,50,2786.1428571428573,0.275730162858963,0.2765440851449966,0.8438596725463867,0.5609652400016785,0.8452174067497253,0.924612522125244,0.9213296175003052,0.3453500866889953
exp_2_cip_rs_multitask,all_targets,4,51,2840.25,0.2797654271125793,0.25949641068776447,0.840350866317749,0.5639429688453674,0.8400703072547913,0.9248563647270204,0.9215512871742249,0.3471530973911285
exp_2_cip_rs_multitask,all_targets,4,52,2896.1428571428573,0.2786007523536682,0.275262913107872,0.8456140160560608,0.5662114024162292,0.8428571224212646,0.9273568391799928,0.9238165616989136,0.3419438302516937
exp_2_cip_rs_multitask,all_targets,4,53,2950.25,0.2779128849506378,0.2508291279276212,0.8385964632034302,0.5625567436218262,0.8391608595848083,0.9256187677383424,0.922179102897644,0.3441744744777679
