featurization,target,fold,epoch,step,train_loss_epoch,train_loss_step,val/accuracy,val/binary-mcc,val/f1,val/prc,val/roc,val_loss
exp_1_default_parity_singletask,R/S_class,0,0,36.142857142857146,0.693971574306488,0.6936627149581909,0.5,-2.384185791015625e-06,0.6666666865348816,0.4889196455478668,0.501939058303833,0.693167507648468
exp_1_default_parity_singletask,R/S_class,0,1,90.25,0.6940847635269165,0.6958943804105123,0.5,-3.0994415283203125e-06,0.6666666865348816,0.5077182650566101,0.501939058303833,0.6932100653648376
exp_1_default_parity_singletask,R/S_class,0,2,146.14285714285714,0.693834125995636,0.6937509059906006,0.5,5.424022674560547e-06,0.6666666865348816,0.5273756980895996,0.5170636773109436,0.6931785345077515
exp_1_default_parity_singletask,R/S_class,0,3,200.25,0.6933929920196533,0.6936723788579305,0.5105262994766235,-1.0609626770019531e-05,0.4000000059604645,0.5100578665733337,0.4880332350730896,0.6931586861610413
exp_1_default_parity_singletask,R/S_class,0,4,256.14285714285717,0.6933364868164062,0.6929087281227112,0.5,-1.0967254638671877e-05,0.6666666865348816,0.4726347029209137,0.4926315546035766,0.6932132840156555
exp_1_default_parity_singletask,R/S_class,0,5,310.25,0.6929365992546082,0.6918736894925436,0.4789473712444305,0.0008027553558349,0.481675386428833,0.5163105726242065,0.5249861478805542,0.6924593448638916
exp_1_default_parity_singletask,R/S_class,0,6,366.14285714285717,0.6843472719192505,0.6890701651573181,0.5894736647605896,0.0488299131393432,0.6829268336296082,0.6376584768295288,0.6005540490150452,0.6616790890693665
exp_1_default_parity_singletask,R/S_class,0,7,420.25,0.6540383696556091,0.657718668381373,0.6000000238418579,0.1134867668151855,0.4571428596973419,0.6879428029060364,0.6867589950561523,0.6261709332466125
exp_1_default_parity_singletask,R/S_class,0,8,476.14285714285717,0.6150605082511902,0.5797569394111634,0.7052631378173828,0.2097212076187133,0.7083333134651184,0.7546902894973755,0.7823822498321533,0.5700013637542725
exp_1_default_parity_singletask,R/S_class,0,9,530.25,0.5718546509742737,0.5884792308012644,0.74210524559021,0.2901538610458374,0.7487179636955261,0.7903457283973694,0.8095290660858154,0.5378320813179016
exp_1_default_parity_singletask,R/S_class,0,10,586.1428571428571,0.5498197078704834,0.5027899146080017,0.7052631378173828,0.2724485397338867,0.7052631378173828,0.7587652206420898,0.7718559503555298,0.5860989093780518
exp_1_default_parity_singletask,R/S_class,0,11,640.25,0.5244036912918091,0.5551745394865671,0.7263157963752747,0.3013563156127929,0.7111111283302307,0.7800718545913696,0.8040997385978699,0.5571411848068237
exp_1_default_parity_singletask,R/S_class,0,12,696.1428571428571,0.5074114203453064,0.49158830046653745,0.7157894968986511,0.3047332763671875,0.71875,0.7739077806472778,0.779944658279419,0.5909796357154846
exp_1_default_parity_singletask,R/S_class,0,13,750.25,0.49003466963768,0.4766121655702591,0.7368420958518982,0.3076944351196289,0.7549019455909729,0.7889835238456726,0.8040996789932251,0.5565444827079773
exp_1_default_parity_singletask,R/S_class,0,14,806.1428571428571,0.4705518186092376,0.493809974193573,0.7315789461135864,0.3256126642227173,0.7213114500045776,0.7782469987869263,0.8022160530090332,0.5675686597824097
exp_1_default_parity_singletask,R/S_class,0,15,860.25,0.4626893401145935,0.441576545437177,0.7052631378173828,0.3031242489814758,0.698924720287323,0.77910977602005,0.7974515557289124,0.5612674951553345
exp_1_default_parity_singletask,R/S_class,0,16,916.1428571428571,0.4472587406635284,0.41338993310928346,0.7105262875556946,0.3625083565711975,0.7027027010917664,0.7664890289306641,0.7914681434631348,0.6267145276069641
exp_1_default_parity_singletask,R/S_class,0,17,970.25,0.4440067410469055,0.5175357659657797,0.7368420958518982,0.3702973127365112,0.7368420958518982,0.8105859756469727,0.8178393244743347,0.5424616932868958
exp_1_default_parity_singletask,R/S_class,0,18,1026.142857142857,0.4150338470935821,0.3996802568435669,0.7315789461135864,0.3675085306167602,0.7301587462425232,0.7929215431213379,0.8076454401016235,0.5795770883560181
exp_1_default_parity_singletask,R/S_class,0,19,1080.25,0.4016503989696502,0.40672734876473743,0.7210526466369629,0.3831660747528076,0.728205144405365,0.7931863069534302,0.8072022199630737,0.6155526638031006
exp_1_default_parity_singletask,R/S_class,1,0,36.142857142857146,0.6939578652381897,0.6940688490867615,0.5,3.451108932495117e-05,0.0206185560673475,0.512587308883667,0.5127977728843689,0.6931993961334229
exp_1_default_parity_singletask,R/S_class,1,1,90.25,0.6933992505073547,0.6925788819789886,0.5,0.0001112222671508,0.0,0.518876314163208,0.5208864212036133,0.6952762007713318
exp_1_default_parity_singletask,R/S_class,1,2,146.14285714285714,0.6938062906265259,0.6923402309417724,0.5,-5.3882598876953125e-05,0.0,0.4902918338775635,0.4580055475234985,0.6933402419090271
exp_1_default_parity_singletask,R/S_class,1,3,200.25,0.6934717297554016,0.6931488414605459,0.5,0.0001546740531921,0.0404040403664112,0.5467187166213989,0.558892011642456,0.693000078201294
exp_1_default_parity_singletask,R/S_class,1,4,256.14285714285717,0.6928279995918274,0.6926804542541504,0.6052631735801697,0.0014455318450927,0.5762711763381958,0.5304895639419556,0.5626592636108398,0.6918122172355652
exp_1_default_parity_singletask,R/S_class,1,5,310.25,0.6867785453796387,0.6820789078871409,0.5473684072494507,0.0178042650222778,0.5057471394538879,0.6104824542999268,0.5845983028411865,0.6826918721199036
exp_1_default_parity_singletask,R/S_class,1,6,366.14285714285717,0.6534256935119629,0.6617742776870728,0.621052622795105,0.1120165586471557,0.6842105388641357,0.7137141227722168,0.7153462171554565,0.6419835090637207
exp_1_default_parity_singletask,R/S_class,1,7,420.25,0.6073892116546631,0.6222302317619324,0.6842105388641357,0.1812027692794799,0.699999988079071,0.7190278768539429,0.7553462386131287,0.5906969904899597
exp_1_default_parity_singletask,R/S_class,1,8,476.14285714285717,0.5647745132446289,0.6109870553016663,0.7315789461135864,0.2625385522842407,0.7487684488296509,0.8113846778869629,0.8114127516746521,0.5363094806671143
exp_1_default_parity_singletask,R/S_class,1,9,530.25,0.5402786731719971,0.5360905130704244,0.7315789461135864,0.2588015794754028,0.764976978302002,0.7937211990356445,0.8135179281234741,0.5585082769393921
exp_1_default_parity_singletask,R/S_class,1,10,586.1428571428571,0.5185523629188538,0.5328688979148865,0.7105262875556946,0.2712967991828918,0.7027027010917664,0.79085373878479,0.794903039932251,0.548193097114563
exp_1_default_parity_singletask,R/S_class,1,11,640.25,0.5000607371330261,0.5315237641334534,0.7263157963752747,0.2622828483581543,0.7547169923782349,0.8109652996063232,0.8173961043357849,0.540399432182312
exp_1_default_parity_singletask,R/S_class,1,12,696.1428571428571,0.4888907372951507,0.46924766302108767,0.7526316046714783,0.2925374507904053,0.7707316875457764,0.8264597654342651,0.827811598777771,0.5175219774246216
exp_1_default_parity_singletask,R/S_class,1,13,750.25,0.4696462154388428,0.4987728993097941,0.7631579041481018,0.3209707736968994,0.7668393850326538,0.8145743012428284,0.8316897749900818,0.5123233199119568
exp_1_default_parity_singletask,R/S_class,1,14,806.1428571428571,0.4575957655906677,0.4770588636398315,0.75789475440979,0.3221462965011596,0.7526881694793701,0.8193393349647522,0.8332409858703613,0.5089298486709595
exp_1_default_parity_singletask,R/S_class,1,15,860.25,0.4460253417491913,0.4583240399758021,0.75789475440979,0.3079012632369995,0.7526881694793701,0.8113704919815063,0.8273683786392212,0.5254598259925842
exp_1_default_parity_singletask,R/S_class,1,16,916.1428571428571,0.4264365136623382,0.4414742350578308,0.75789475440979,0.3596862554550171,0.7386363744735718,0.828925609588623,0.84354567527771,0.5135523676872253
exp_1_default_parity_singletask,R/S_class,1,17,970.25,0.4223802387714386,0.35968449463446933,0.7631579041481018,0.3547697067260742,0.7540983557701111,0.8208671808242798,0.8352354764938354,0.5182995200157166
exp_1_default_parity_singletask,R/S_class,1,18,1026.142857142857,0.4057612419128418,0.4004938840866089,0.7526316046714783,0.3818109035491943,0.7431694269180298,0.8314765691757202,0.8422160148620605,0.509988009929657
exp_1_default_parity_singletask,R/S_class,1,19,1080.25,0.3927919864654541,0.39617282152175903,0.7473683953285217,0.3817091584205627,0.7272727489471436,0.8285606503486633,0.840221643447876,0.5221831202507019
exp_1_default_parity_singletask,R/S_class,1,20,1136.142857142857,0.3889334499835968,0.4127790093421936,0.75789475440979,0.3940827846527099,0.7526881694793701,0.8344941139221191,0.8431024551391602,0.5174779295921326
exp_1_default_parity_singletask,R/S_class,1,21,1190.25,0.3711247742176056,0.3455738499760628,0.7684210538864136,0.3984029293060303,0.7755101919174194,0.8275281190872192,0.8350138664245605,0.5384750962257385
exp_1_default_parity_singletask,R/S_class,1,22,1246.142857142857,0.3648129403591156,0.29651852846145627,0.7684210538864136,0.3967447280883789,0.7659574747085571,0.8171093463897705,0.831689715385437,0.5468485951423645
exp_1_default_parity_singletask,R/S_class,1,23,1300.25,0.3515189290046692,0.3856008102496465,0.7684210538864136,0.4017001986503601,0.7684210538864136,0.8203363418579102,0.8283656239509583,0.5579594373703003
exp_1_default_parity_singletask,R/S_class,1,24,1356.142857142857,0.3432675302028656,0.3375236004590988,0.7947368621826172,0.4228300452232361,0.800000011920929,0.8318814039230347,0.837783932685852,0.5516745448112488
exp_1_default_parity_singletask,R/S_class,2,0,36.142857142857146,0.6937669515609741,0.6928630828857422,0.5,6.449222564697266e-05,0.6666666865348816,0.5112680196762085,0.5098060965538025,0.6935226321220398
exp_1_default_parity_singletask,R/S_class,2,1,90.25,0.6941325068473816,0.6945111950238546,0.5,3.0934810638427734e-05,0.6619216799736023,0.5211675763130188,0.5105817317962646,0.6931239366531372
exp_1_default_parity_singletask,R/S_class,2,2,146.14285714285714,0.6934238076210022,0.6931986331939697,0.5,6.109476089477539e-05,0.0,0.5182055234909058,0.5503600835800171,0.6931321024894714
exp_1_default_parity_singletask,R/S_class,2,3,200.25,0.6934054493904114,0.6948062181472778,0.5,0.0001003742218017,0.0,0.5250393748283386,0.5412188172340393,0.6931219696998596
exp_1_default_parity_singletask,R/S_class,2,4,256.14285714285717,0.6935110092163086,0.6928342342376709,0.5,0.0007712244987487,0.0,0.6193927526473999,0.608199417591095,0.6924501061439514
exp_1_default_parity_singletask,R/S_class,2,5,310.25,0.6936793923377991,0.6936983068784078,0.5,0.0001994967460632,0.0,0.6338191032409668,0.6049861311912537,0.6929605603218079
exp_1_default_parity_singletask,R/S_class,2,6,366.14285714285717,0.6922252178192139,0.6925544619560242,0.5,0.0024201869964599,0.6666666865348816,0.6319671273231506,0.5624376535415649,0.6914052963256836
exp_1_default_parity_singletask,R/S_class,2,7,420.25,0.6908708214759827,0.6878329118092855,0.5631579160690308,0.0281521677970886,0.5310734510421753,0.6532379388809204,0.6355679035186768,0.6707305312156677
exp_1_default_parity_singletask,R/S_class,2,8,476.14285714285717,0.6624006628990173,0.6887014389038086,0.6315789222717285,0.1218093633651733,0.6153846383094788,0.7075479030609131,0.6900830864906311,0.6237922310829163
exp_1_default_parity_singletask,R/S_class,2,9,530.25,0.6357207298278809,0.6498109598954519,0.6157894730567932,0.1536770462989807,0.6096256971359253,0.7103829383850098,0.6959556341171265,0.6130792498588562
exp_1_default_parity_singletask,R/S_class,2,10,586.1428571428571,0.608391284942627,0.5789921283721924,0.6894736886024475,0.1647378802299499,0.7230046987533569,0.8028761744499207,0.7858171463012695,0.5802262425422668
exp_1_default_parity_singletask,R/S_class,2,11,640.25,0.5818172097206116,0.6098694801330566,0.7105262875556946,0.2150589227676391,0.7263681888580322,0.8166077136993408,0.8024376630783081,0.5550951361656189
exp_1_default_parity_singletask,R/S_class,2,12,696.1428571428571,0.549078643321991,0.543368685245514,0.7368420958518982,0.2609347701072693,0.7572815418243408,0.8253648281097412,0.8261495232582092,0.5255592465400696
exp_1_default_parity_singletask,R/S_class,2,13,750.25,0.5200997591018677,0.5007707873980204,0.7263157963752747,0.3035668730735779,0.6976743936538696,0.8337980508804321,0.8371191024780273,0.5112928152084351
exp_1_default_parity_singletask,R/S_class,2,14,806.1428571428571,0.4975640773773193,0.46828497052192686,0.7789473533630371,0.3344155550003052,0.7765957713127136,0.8611874580383301,0.8580609560012817,0.4748686254024505
exp_1_default_parity_singletask,R/S_class,2,15,860.25,0.4766764640808105,0.4858485907316208,0.7684210538864136,0.3298098444938659,0.7799999713897705,0.8085637092590332,0.8270360231399536,0.5241041779518127
exp_1_default_parity_singletask,R/S_class,2,16,916.1428571428571,0.4658956527709961,0.46968628764152526,0.74210524559021,0.3601789474487304,0.7351351380348206,0.8319054245948792,0.8314681053161621,0.5140787363052368
exp_1_default_parity_singletask,R/S_class,2,17,970.25,0.4498310685157776,0.4374012251694997,0.74210524559021,0.319443941116333,0.7379679083824158,0.8360861539840698,0.832465410232544,0.4994198381900787
exp_1_default_parity_singletask,R/S_class,2,18,1026.142857142857,0.4336719810962677,0.42101520895957945,0.7789473533630371,0.3309555053710937,0.7640449404716492,0.8326218128204346,0.8330194354057312,0.5044542551040649
exp_1_default_parity_singletask,R/S_class,2,19,1080.25,0.4208573698997497,0.40045198798179626,0.7789473533630371,0.3639298677444458,0.7857142686843872,0.8597289323806763,0.8469805717468262,0.482553094625473
exp_1_default_parity_singletask,R/S_class,2,20,1136.142857142857,0.406209260225296,0.4136554539203644,0.7736842036247253,0.4087581634521484,0.7794871926307678,0.867756187915802,0.863711953163147,0.461617648601532
exp_1_default_parity_singletask,R/S_class,2,21,1190.25,0.3931930661201477,0.36403484145800274,0.75789475440979,0.3914551734924316,0.75,0.8638713955879211,0.8583933115005493,0.4626388549804687
exp_1_default_parity_singletask,R/S_class,2,22,1246.142857142857,0.3780010342597961,0.3464717209339142,0.7684210538864136,0.3864036798477173,0.7659574747085571,0.8555478453636169,0.8585041761398315,0.4680762588977813
exp_1_default_parity_singletask,R/S_class,2,23,1300.25,0.3679993450641632,0.3880404233932495,0.7842105031013489,0.4234571456909179,0.7853403091430664,0.8655263781547546,0.8606094121932983,0.4657385051250458
exp_1_default_parity_singletask,R/S_class,2,24,1356.142857142857,0.3590009212493896,0.4126311719417572,0.7947368621826172,0.4121060371398926,0.7936508059501648,0.8584526181221008,0.8559557199478149,0.4713498651981354
exp_1_default_parity_singletask,R/S_class,2,25,1410.25,0.3410411179065704,0.3089103798071543,0.7736842036247253,0.4130455255508423,0.7624309659004211,0.8486109972000122,0.8458725214004517,0.505666971206665
exp_1_default_parity_singletask,R/S_class,2,26,1466.142857142857,0.3357132971286773,0.3264115571975708,0.7789473533630371,0.4497462511062622,0.78125,0.8730036020278931,0.8644875288009644,0.4668396711349487
exp_1_default_parity_singletask,R/S_class,2,27,1520.25,0.3295027613639831,0.3440873622894287,0.7736842036247253,0.4411548376083374,0.7650273442268372,0.8692041635513306,0.8619390726089478,0.4772888720035553
exp_1_default_parity_singletask,R/S_class,2,28,1576.142857142857,0.3160323798656463,0.3275593042373657,0.8052631616592407,0.4597961902618408,0.8042327761650085,0.8706706762313843,0.8712465763092041,0.459649384021759
exp_1_default_parity_singletask,R/S_class,2,29,1630.25,0.3098502457141876,0.3253556514779727,0.7789473533630371,0.4203455448150635,0.7765957713127136,0.8487781286239624,0.8488642573356628,0.4975052773952484
exp_1_default_parity_singletask,R/S_class,2,30,1686.142857142857,0.3004650771617889,0.32388547658920286,0.7789473533630371,0.4525499939918518,0.77173912525177,0.8687368631362915,0.865373969078064,0.4713406264781952
exp_1_default_parity_singletask,R/S_class,2,31,1740.25,0.2881753742694855,0.32053260008494056,0.7736842036247253,0.4063596725463867,0.7597765326499939,0.8489974141120911,0.8495290279388428,0.4998054802417755
exp_1_default_parity_singletask,R/S_class,2,32,1796.142857142857,0.2826741635799408,0.27822120785713195,0.800000011920929,0.454562246799469,0.800000011920929,0.8742324113845825,0.8702492713928223,0.4676994979381561
exp_1_default_parity_singletask,R/S_class,2,33,1850.25,0.2801567614078522,0.2734563921888669,0.7947368621826172,0.4538475275039673,0.7979274392127991,0.8680427670478821,0.863711953163147,0.4894267916679382
exp_1_default_parity_singletask,R/S_class,2,34,1906.142857142857,0.2730141580104828,0.24134906530380248,0.7842105031013489,0.4810365438461303,0.7897436022758484,0.8714048862457275,0.866814374923706,0.5177562236785889
exp_1_default_parity_singletask,R/S_class,2,35,1960.25,0.2594163417816162,0.2943311234315236,0.7842105031013489,0.4319051504135132,0.7897436022758484,0.8558838963508606,0.8541828393936157,0.5051058530807495
exp_1_default_parity_singletask,R/S_class,2,36,2016.142857142857,0.2561143338680267,0.30487132668495176,0.7736842036247253,0.4836888313293457,0.7624309659004211,0.8672150373458862,0.8639335036277771,0.5307520031929016
exp_1_default_parity_singletask,R/S_class,2,37,2070.25,0.2471128106117248,0.22361758599678672,0.7526316046714783,0.4179780483245849,0.7486631274223328,0.8531813621520996,0.8547368049621582,0.5090214610099792
exp_1_default_parity_singletask,R/S_class,2,38,2126.1428571428573,0.2454782873392105,0.2322660505771637,0.7684210538864136,0.4626274108886719,0.760869562625885,0.8661881685256958,0.8678116202354431,0.4852388799190521
exp_1_default_parity_singletask,R/S_class,3,0,36.142857142857146,0.6938128471374512,0.6962431907653809,0.4789473712444305,-6.628036499023438e-05,0.6264150738716125,0.4908892512321472,0.4877008199691772,0.6932217478752136
exp_1_default_parity_singletask,R/S_class,3,1,90.25,0.6937671899795532,0.6937162776788076,0.5,-3.2901763916015625e-05,0.6666666865348816,0.4943651556968689,0.4940720498561859,0.6932994723320007
exp_1_default_parity_singletask,R/S_class,3,2,146.14285714285714,0.6937568783760071,0.692951250076294,0.5,-0.0001851320266723,0.6666666865348816,0.4371120631694793,0.4387811422348022,0.693392813205719
exp_1_default_parity_singletask,R/S_class,3,3,200.25,0.6930683255195618,0.6948220531145731,0.4684210419654846,-0.0007869005203247,0.3311258256435394,0.4615163207054138,0.4116343557834625,0.6939703822135925
exp_1_default_parity_singletask,R/S_class,3,4,256.14285714285717,0.6882583498954773,0.6938506126403808,0.4157894849777221,-0.0068334341049194,0.4064171016216278,0.4784853756427765,0.4518559575080871,0.7046799659729004
exp_1_default_parity_singletask,R/S_class,3,5,310.25,0.6678494811058044,0.6862147947152456,0.4947368502616882,0.0132850408554077,0.3846153914928436,0.5166553258895874,0.5110249519348145,0.7171499133110046
exp_1_default_parity_singletask,R/S_class,3,6,366.14285714285717,0.6300796270370483,0.6310579061508179,0.6473684310913086,0.1065214872360229,0.6492146849632263,0.6625714302062988,0.6764543056488037,0.6485925912857056
exp_1_default_parity_singletask,R/S_class,3,7,420.25,0.5871852040290833,0.5553696155548096,0.621052622795105,0.1194614171981811,0.5909090638160706,0.6209946274757385,0.6439889073371887,0.7089983224868774
exp_1_default_parity_singletask,R/S_class,3,8,476.14285714285717,0.5549808144569397,0.5348622083663941,0.7210526466369629,0.2657675147056579,0.7225130796432495,0.7339787483215332,0.7807202339172363,0.5764914751052856
exp_1_default_parity_singletask,R/S_class,3,9,530.25,0.5331956744194031,0.49668524662653607,0.6736842393875122,0.2261449098587036,0.6666666865348816,0.7036761045455933,0.7437119483947754,0.6326724290847778
exp_1_default_parity_singletask,R/S_class,3,10,586.1428571428571,0.5194657444953918,0.5410498261451722,0.6578947305679321,0.2405955791473388,0.6524063944816589,0.7085471153259277,0.7519114017486572,0.6260625720024109
exp_1_default_parity_singletask,R/S_class,3,11,640.25,0.497350126504898,0.49130796392758685,0.678947389125824,0.2417888641357422,0.647398829460144,0.68925940990448,0.7471467852592468,0.6561934947967529
exp_1_default_parity_singletask,R/S_class,3,12,696.1428571428571,0.4863931238651275,0.4920401155948639,0.6473684310913086,0.2568000555038452,0.6455026268959045,0.7069582939147949,0.749141275882721,0.672834038734436
exp_1_default_parity_singletask,R/S_class,3,13,750.25,0.4628596603870392,0.4692613482475281,0.6684210300445557,0.2877328395843506,0.6631016135215759,0.7156264781951904,0.767534613609314,0.6565591096878052
exp_1_default_parity_singletask,R/S_class,3,14,806.1428571428571,0.4509329497814178,0.4322443902492523,0.6842105388641357,0.2876348495483398,0.6774193644523621,0.7400616407394409,0.7759556770324707,0.6273900866508484
exp_1_default_parity_singletask,R/S_class,3,15,860.25,0.434064507484436,0.4372271001338959,0.6736842393875122,0.2821763753890991,0.6960784196853638,0.7121638059616089,0.7635457515716553,0.6409168243408203
exp_1_default_parity_singletask,R/S_class,3,16,916.1428571428571,0.4159073233604431,0.4264323592185974,0.7210526466369629,0.3305926322937011,0.7195767164230347,0.7373363375663757,0.793684184551239,0.6130954027175903
exp_1_default_parity_singletask,R/S_class,3,17,970.25,0.4017246663570404,0.3781205763419469,0.678947389125824,0.3368144035339355,0.6965174078941345,0.7258260846138,0.775290846824646,0.7095960974693298
exp_1_default_parity_singletask,R/S_class,3,18,1026.142857142857,0.3861034512519836,0.33994135856628416,0.6842105388641357,0.3393244743347168,0.6808510422706604,0.7214465141296387,0.7727423906326294,0.7273654341697693
exp_1_default_parity_singletask,R/S_class,4,0,36.142857142857146,0.693299412727356,0.6951126456260681,0.5,4.07099723815918e-05,0.0,0.5176216959953308,0.5213296413421631,0.6931226849555969
exp_1_default_parity_singletask,R/S_class,4,1,90.25,0.6938399076461792,0.694034477074941,0.5,5.030632019042969e-05,0.6666666865348816,0.5277807712554932,0.5412188172340393,0.6931068301200867
exp_1_default_parity_singletask,R/S_class,4,2,146.14285714285714,0.6934782862663269,0.6953898549079895,0.5,2.562999725341797e-05,0.0,0.5258817076683044,0.5280332565307617,0.693145751953125
exp_1_default_parity_singletask,R/S_class,4,3,200.25,0.6933601498603821,0.6944199701150259,0.5,7.194280624389648e-05,0.6666666865348816,0.5412414073944092,0.550581693649292,0.6931309700012207
exp_1_default_parity_singletask,R/S_class,4,4,256.14285714285717,0.6931413412094116,0.6930976748466492,0.5,0.002367079257965,0.0,0.6028897762298584,0.6562880873680115,0.6909397840499878
exp_1_default_parity_singletask,R/S_class,4,5,310.25,0.6905324459075928,0.6866950988769531,0.5052631497383118,0.0008767843246459,0.6642857193946838,0.5670050382614136,0.527091383934021,0.6929327845573425
exp_1_default_parity_singletask,R/S_class,4,6,366.14285714285717,0.6809431314468384,0.6802843451499939,0.6263157725334167,0.0812757015228271,0.5942857265472412,0.7328892350196838,0.715013861656189,0.6344659328460693
exp_1_default_parity_singletask,R/S_class,4,7,420.25,0.6378012299537659,0.6510064899921417,0.7052631378173828,0.2079452276229858,0.7333333492279053,0.7762821316719055,0.7680885791778564,0.5843912959098816
exp_1_default_parity_singletask,R/S_class,4,8,476.14285714285717,0.5880908370018005,0.6014796614646911,0.6842105388641357,0.2237914800643921,0.6666666865348816,0.7741841673851013,0.7708587646484375,0.567761242389679
exp_1_default_parity_singletask,R/S_class,4,9,530.25,0.5605043768882751,0.5373968581358591,0.7210526466369629,0.2822633385658264,0.7103825211524963,0.8216821551322937,0.8176177144050598,0.5213527679443359
exp_1_default_parity_singletask,R/S_class,4,10,586.1428571428571,0.5266476273536682,0.49659515619277955,0.6736842393875122,0.2241861820220947,0.6804123520851135,0.7903043627738953,0.7650969624519348,0.5710051655769348
exp_1_default_parity_singletask,R/S_class,4,11,640.25,0.5170177817344666,0.4965672592322032,0.7157894968986511,0.3364272117614746,0.71875,0.8313144445419312,0.8240443468093872,0.5146080851554871
exp_1_default_parity_singletask,R/S_class,4,12,696.1428571428571,0.4896931946277618,0.47171775102615354,0.7315789461135864,0.3238337635993957,0.7487684488296509,0.8169986605644226,0.8199445605278015,0.5227547287940979
exp_1_default_parity_singletask,R/S_class,4,13,750.25,0.4749625921249389,0.4718404958645503,0.7368420958518982,0.3408229351043701,0.72826087474823,0.8325158357620239,0.8288087844848633,0.5104199647903442
exp_1_default_parity_singletask,R/S_class,4,14,806.1428571428571,0.4609264731407165,0.4227888762950897,0.75789475440979,0.38430255651474,0.7628865838050842,0.8409414291381836,0.8412188291549683,0.4971714317798614
exp_1_default_parity_singletask,R/S_class,4,15,860.25,0.4468146860599518,0.46236285567283625,0.7842105031013489,0.3985706567764282,0.7939698696136475,0.8712116479873657,0.8652631640434265,0.4593705832958221
exp_1_default_parity_singletask,R/S_class,4,16,916.1428571428571,0.4354827404022217,0.4275880932807922,0.7684210538864136,0.3892804384231567,0.7659574747085571,0.858711838722229,0.856842041015625,0.4743914902210235
exp_1_default_parity_singletask,R/S_class,4,17,970.25,0.420672208070755,0.4072872996330261,0.7526316046714783,0.4018478393554687,0.745945930480957,0.8527035713195801,0.8495290875434875,0.4863961338996887
exp_1_default_parity_singletask,R/S_class,4,18,1026.142857142857,0.4136736094951629,0.43544134497642517,0.7736842036247253,0.4178429841995239,0.7794871926307678,0.8745949864387512,0.8809972405433655,0.4503123164176941
exp_1_default_parity_singletask,R/S_class,4,19,1080.25,0.398241639137268,0.40948166449864704,0.7894737124443054,0.4285851120948791,0.7872340679168701,0.8632311820983887,0.8587257266044617,0.4702716767787933
exp_1_default_parity_singletask,R/S_class,4,20,1136.142857142857,0.3851832151412964,0.3966531455516815,0.7736842036247253,0.446408748626709,0.7794871926307678,0.8711693286895752,0.8704710006713867,0.4600639641284942
exp_1_default_parity_singletask,R/S_class,4,21,1190.25,0.3722045719623565,0.35701071719328564,0.7947368621826172,0.473705530166626,0.800000011920929,0.8709647059440613,0.8733518123626709,0.4664389789104461
exp_1_default_parity_singletask,R/S_class,4,22,1246.142857142857,0.3599075078964233,0.36801903247833245,0.7736842036247253,0.4529532194137573,0.7772020697593689,0.8822175860404968,0.8750138282775879,0.4505520761013031
exp_1_default_parity_singletask,R/S_class,4,23,1300.25,0.3495489954948425,0.34932897984981537,0.8052631616592407,0.4374409914016723,0.8021390438079834,0.8734309673309326,0.8684765100479126,0.4720450937747955
exp_1_default_parity_singletask,R/S_class,4,24,1356.142857142857,0.338929533958435,0.41243172287940977,0.8105263113975525,0.4876164197921753,0.8181818127632141,0.8863155841827393,0.8883103132247925,0.4308814108371734
exp_1_default_parity_singletask,R/S_class,4,25,1410.25,0.3268752098083496,0.32824387152989704,0.7894737124443054,0.4891716837882995,0.7916666865348816,0.8870530128479004,0.8801108598709106,0.4532576203346252
exp_1_default_parity_singletask,R/S_class,4,26,1466.142857142857,0.3157586455345154,0.27773720026016235,0.7842105031013489,0.5087459683418274,0.7853403091430664,0.8912591934204102,0.8868697881698608,0.4442082345485687
exp_1_default_parity_singletask,R/S_class,4,27,1520.25,0.3063856363296509,0.2700402662158012,0.8105263113975525,0.5274753570556641,0.8105263113975525,0.8979828357696533,0.8977285027503967,0.4295158684253692
exp_1_default_parity_singletask,R/S_class,4,28,1576.142857142857,0.2933850884437561,0.2891496181488037,0.7789473533630371,0.4659026265144348,0.7900000214576721,0.8836109638214111,0.8763434886932373,0.4566214382648468
exp_1_default_parity_singletask,R/S_class,4,29,1630.25,0.2877569198608398,0.25083505610624945,0.800000011920929,0.5161632299423218,0.8061224222183228,0.8872870802879333,0.8838781118392944,0.4708108305931091
exp_1_default_parity_singletask,R/S_class,4,30,1686.142857142857,0.2834955155849457,0.30352380871772766,0.8157894611358643,0.5215741991996765,0.8205128312110901,0.9003030061721802,0.8968421220779419,0.4137086570262909
exp_1_default_parity_singletask,R/S_class,4,31,1740.25,0.2698465287685394,0.3420951912800471,0.8368421196937561,0.5470609068870544,0.8376963138580322,0.9002208709716797,0.8987257480621338,0.4308196902275085
exp_1_default_parity_singletask,R/S_class,4,32,1796.142857142857,0.2619148790836334,0.24673137962818142,0.8052631616592407,0.5099101662635803,0.8062826991081238,0.890094518661499,0.8867590427398682,0.4408684968948364
exp_1_default_parity_singletask,R/S_class,4,33,1850.25,0.2551374435424804,0.2643005326390266,0.8315789699554443,0.5555905699729919,0.8367347121238708,0.9120416045188904,0.910914182662964,0.3992810249328613
exp_1_default_parity_singletask,R/S_class,4,34,1906.142857142857,0.248992919921875,0.24183862507343287,0.7947368621826172,0.5175723433494568,0.800000011920929,0.8928663730621338,0.8927423357963562,0.4366230070590973
exp_1_default_parity_singletask,R/S_class,4,35,1960.25,0.2396124750375747,0.24159928162892655,0.8421052694320679,0.5444031953811646,0.8387096524238586,0.9005305767059326,0.9018282890319824,0.4303579926490783
exp_1_default_parity_singletask,R/S_class,4,36,2016.142857142857,0.2285291403532028,0.22898064255714412,0.8315789699554443,0.5747290849685669,0.8333333134651184,0.9016630053520204,0.9026038646697998,0.4493885338306427
exp_1_default_parity_singletask,R/S_class,4,37,2070.25,0.2230703234672546,0.26329182336727774,0.8315789699554443,0.565662682056427,0.8350515365600586,0.9068894982337952,0.907922387123108,0.4137595295906067
exp_1_default_parity_singletask,R/S_class,4,38,2126.1428571428573,0.2164105325937271,0.19974217712879178,0.8263157606124878,0.5747873783111572,0.8307692408561707,0.9023590087890624,0.9034903049468994,0.4464416205883026
exp_1_default_parity_singletask,R/S_class,4,39,2180.25,0.2100145369768142,0.17795241872469583,0.8315789699554443,0.5777155756950378,0.8350515365600586,0.901097297668457,0.90216064453125,0.4447298943996429
exp_1_default_parity_singletask,R/S_class,4,40,2236.1428571428573,0.2044123262166977,0.21452320218086238,0.8368421196937561,0.5728873610496521,0.8393782377243042,0.9100459814071656,0.9094736576080322,0.4158362150192261
exp_1_default_parity_singletask,R/S_class,4,41,2290.25,0.2019044607877731,0.17884049812952674,0.8315789699554443,0.5777721405029297,0.8333333134651184,0.8962163925170898,0.9007201790809632,0.4631925821304321
exp_1_default_parity_singletask,R/S_class,4,42,2346.1428571428573,0.1921218931674957,0.17221224606037136,0.8368421196937561,0.5758430361747742,0.8393782377243042,0.8993960022926331,0.9017174243927002,0.4547832310199737
exp_1_default_parity_singletask,R/S_class,4,43,2400.25,0.1853895485401153,0.1629095214108626,0.8263157606124878,0.580072283744812,0.8290155529975891,0.9017600417137146,0.903822660446167,0.4664302170276642
exp_1_default_parity_singletask,@/@@_class,0,0,36.142857142857146,0.6887716054916382,0.6868877053260803,0.5,0.0324549674987793,0.0,0.7823059558868408,0.8206093907356262,0.6676622629165649
exp_1_default_parity_singletask,@/@@_class,0,1,90.25,0.5931618213653564,0.5637861688931783,0.800000011920929,0.366468608379364,0.800000011920929,0.8836268782615662,0.8749030828475952,0.4730665385723114
exp_1_default_parity_singletask,@/@@_class,0,2,146.14285714285714,0.3931116759777069,0.4044505894184113,0.8052631616592407,0.6293861865997314,0.8021390438079834,0.9397152662277222,0.9346261024475098,0.3035904467105865
exp_1_default_parity_singletask,@/@@_class,0,3,200.25,0.2711382508277893,0.2708590477705001,0.8368421196937561,0.6350648403167725,0.8584474921226501,0.9443369507789612,0.9390581846237184,0.2700671851634979
exp_1_default_parity_singletask,@/@@_class,0,4,256.14285714285717,0.2523920834064483,0.2660512030124664,0.8526315689086914,0.6692411303520203,0.8571428656578064,0.9537054896354676,0.9504709243774414,0.2406208664178848
exp_1_default_parity_singletask,@/@@_class,0,5,310.25,0.2395356446504593,0.24878250062465665,0.8736842274665833,0.6738365888595581,0.8736842274665833,0.9620062112808228,0.9596675634384156,0.2328793108463287
exp_1_default_parity_singletask,@/@@_class,0,6,366.14285714285717,0.2247326672077179,0.2665475398302078,0.8894736766815186,0.6971602439880371,0.893401026725769,0.9678624868392944,0.965096950531006,0.2235563993453979
exp_1_default_parity_singletask,@/@@_class,0,7,420.25,0.2136180102825164,0.20804168283939362,0.8684210777282715,0.7140125036239624,0.8520709872245789,0.9739514589309692,0.9717451333999634,0.2276674211025238
exp_1_default_parity_singletask,@/@@_class,0,8,476.14285714285717,0.2016337662935257,0.17652000486850733,0.878947377204895,0.6960374116897583,0.8783068656921387,0.9709205031394958,0.9691966772079468,0.2199366986751556
exp_1_default_parity_singletask,@/@@_class,0,9,530.25,0.1984277665615081,0.20653079077601433,0.8999999761581421,0.7539265751838684,0.8950276374816895,0.9762277007102966,0.9748476147651672,0.2033694684505462
exp_1_default_parity_singletask,@/@@_class,0,10,586.1428571428571,0.1765003800392151,0.26493796706199646,0.9052631855010986,0.7635363340377808,0.901098906993866,0.9773138761520386,0.9759556651115416,0.2045948058366775
exp_1_default_parity_singletask,@/@@_class,0,11,640.25,0.1736810058355331,0.15132592121760047,0.921052634716034,0.7639050483703613,0.920634925365448,0.9786659479141236,0.9776176810264589,0.1845128983259201
exp_1_default_parity_singletask,@/@@_class,0,12,696.1428571428571,0.143099769949913,0.15711901187896724,0.9157894849777222,0.8048562407493591,0.9175257682800292,0.982280969619751,0.9816066026687622,0.173837274312973
exp_1_default_parity_singletask,@/@@_class,0,13,750.25,0.138916328549385,0.1604449053605397,0.9263157844543456,0.8057262301445007,0.9239130616188048,0.9850988388061525,0.9839335083961488,0.1732074916362762
exp_1_default_parity_singletask,@/@@_class,0,14,806.1428571428571,0.1379323303699493,0.1261110052466392,0.9315789341926576,0.8005155324935913,0.9319371581077576,0.9804301261901855,0.9797229766845704,0.171176791191101
exp_1_default_parity_singletask,@/@@_class,0,15,860.25,0.1219290420413017,0.11636410529414809,0.9368420839309692,0.8290913701057434,0.9368420839309692,0.9873033165931702,0.9863712191581726,0.1459811776876449
exp_1_default_parity_singletask,@/@@_class,0,16,916.1428571428571,0.1129232943058013,0.11314528658986087,0.9368420839309692,0.8344595432281494,0.9368420839309692,0.98868989944458,0.9880332350730896,0.1475235521793365
exp_1_default_parity_singletask,@/@@_class,0,17,970.25,0.1112562641501426,0.1435646054645379,0.942105233669281,0.8441086411476135,0.9424083828926086,0.9877384901046752,0.9873684048652648,0.1422920972108841
exp_1_default_parity_singletask,@/@@_class,0,18,1026.142857142857,0.1208099052309989,0.1175530284643173,0.9368420839309692,0.8291163444519043,0.93478262424469,0.9878131747245787,0.9870360493659972,0.1627924889326095
exp_1_default_parity_singletask,@/@@_class,0,19,1080.25,0.1076043024659156,0.08985114532212413,0.9368420839309692,0.842289388179779,0.9375,0.9880189895629884,0.9878116250038148,0.143501803278923
exp_1_default_parity_singletask,@/@@_class,0,20,1136.142857142857,0.0955339074134826,0.09445199370384212,0.9368420839309692,0.8537062406539917,0.9368420839309692,0.9902148246765136,0.9900277256965636,0.1359732151031494
exp_1_default_parity_singletask,@/@@_class,0,21,1190.25,0.0956896990537643,0.07573777747650935,0.9368420839309692,0.8576939105987549,0.9368420839309692,0.9910014271736144,0.990803360939026,0.1265369057655334
exp_1_default_parity_singletask,@/@@_class,0,22,1246.142857142857,0.0904718935489654,0.07294742576777932,0.9473684430122375,0.8487507700920105,0.9484536051750184,0.989796221256256,0.9898061156272888,0.1463450193405151
exp_1_default_parity_singletask,@/@@_class,0,23,1300.25,0.0887629762291908,0.07064868261416749,0.942105233669281,0.8595563769340515,0.9424083828926086,0.9918127059936525,0.9914681911468506,0.1296581774950027
exp_1_default_parity_singletask,@/@@_class,0,24,1356.142857142857,0.0920094475150108,0.1034466005861759,0.9473684430122375,0.8515024185180664,0.9462365508079528,0.9911145567893982,0.990581750869751,0.1457854360342025
exp_1_default_parity_singletask,@/@@_class,0,25,1410.25,0.0877128839492797,0.06972330591330923,0.942105233669281,0.8643202781677246,0.9424083828926086,0.9936078786849976,0.9933518171310424,0.1167850717902183
exp_1_default_parity_singletask,@/@@_class,0,26,1466.142857142857,0.0869202390313148,0.09718460291624066,0.9368420839309692,0.8603159189224243,0.9368420839309692,0.9909682273864746,0.9904708862304688,0.1290568262338638
exp_1_default_parity_singletask,@/@@_class,0,27,1520.25,0.0830481275916099,0.13676497961084044,0.9473684430122375,0.8754934668540955,0.9479166865348816,0.9936729669570924,0.9933518171310424,0.1088207364082336
exp_1_default_parity_singletask,@/@@_class,0,28,1576.142857142857,0.0833634063601493,0.08385783582925792,0.942105233669281,0.8533757328987122,0.9411764740943908,0.990923285484314,0.9906924962997437,0.134770318865776
exp_1_default_parity_singletask,@/@@_class,0,29,1630.25,0.0834721475839614,0.10250764402250445,0.942105233669281,0.8719484210014343,0.9424083828926086,0.993522882461548,0.9931302070617676,0.114932119846344
exp_1_default_parity_singletask,@/@@_class,0,30,1686.142857142857,0.0741860717535018,0.06841559559106825,0.9473684430122375,0.8676499128341675,0.9484536051750184,0.9931833744049072,0.9926869869232178,0.1212442815303802
exp_1_default_parity_singletask,@/@@_class,0,31,1740.25,0.0795448496937751,0.0943780255814393,0.942105233669281,0.8642571568489075,0.9411764740943908,0.9925508499145508,0.9921329617500304,0.1186782047152519
exp_1_default_parity_singletask,@/@@_class,0,32,1796.142857142857,0.0753967016935348,0.07206993997097011,0.9526315927505492,0.8772881031036377,0.9518716335296632,0.9935925006866456,0.9931301474571228,0.1151120066642761
exp_1_default_parity_singletask,@/@@_class,0,33,1850.25,0.0722615495324134,0.06246903693924342,0.9631578922271729,0.8841853141784668,0.9629629850387572,0.994389533996582,0.9941274523735046,0.0999126359820365
exp_1_default_parity_singletask,@/@@_class,0,34,1906.142857142857,0.0677128061652183,0.09185804501175876,0.9526315927505492,0.8841686844825745,0.9533678889274596,0.9948370456695556,0.9945706725120544,0.1003811284899711
exp_1_default_parity_singletask,@/@@_class,0,35,1960.25,0.0659598708152771,0.0612854504336913,0.9684210419654846,0.8923283815383911,0.9684210419654846,0.9958617687225342,0.9956786632537842,0.0906279981136322
exp_1_default_parity_singletask,@/@@_class,0,36,2016.142857142857,0.0651828870177269,0.08100896179676051,0.9631578922271729,0.8955854773521423,0.9629629850387572,0.9953169822692872,0.9951246976852416,0.093627892434597
exp_1_default_parity_singletask,@/@@_class,0,37,2070.25,0.0646038204431533,0.11295174310604728,0.9631578922271729,0.8985958099365234,0.9637305736541748,0.9962055683135986,0.996121883392334,0.094278909265995
exp_1_default_parity_singletask,@/@@_class,0,38,2126.1428571428573,0.0655261948704719,0.0790985286235809,0.9684210419654846,0.8933693766593933,0.96875,0.9963626861572266,0.9962326884269714,0.0868841558694839
exp_1_default_parity_singletask,@/@@_class,0,39,2180.25,0.0615800693631172,0.04741437422732505,0.9631578922271729,0.9012539386749268,0.96256685256958,0.9962533712387084,0.996121883392334,0.084624171257019
exp_1_default_parity_singletask,@/@@_class,0,40,2236.1428571428573,0.0636347159743309,0.060683062300085945,0.9631578922271729,0.9043066501617432,0.96256685256958,0.996819019317627,0.9966759085655212,0.0794751718640327
exp_1_default_parity_singletask,@/@@_class,0,41,2290.25,0.0625872388482093,0.03220574014509712,0.9631578922271729,0.8955327868461609,0.9637305736541748,0.9962012767791748,0.9961219429969788,0.0924029722809791
exp_1_default_parity_singletask,@/@@_class,0,42,2346.1428571428573,0.0603074096143245,0.0715144377201795,0.9631578922271729,0.8998075723648071,0.963350772857666,0.9955018162727356,0.9953462481498718,0.0918300002813339
exp_1_default_parity_singletask,@/@@_class,0,43,2400.25,0.0565960481762886,0.04209518991410729,0.9684210419654846,0.8979838490486145,0.9684210419654846,0.9948967695236206,0.994681477546692,0.0918471291661262
exp_1_default_parity_singletask,@/@@_class,0,44,2456.1428571428573,0.0560667663812637,0.05252605751156804,0.9631578922271729,0.8934427499771118,0.9637305736541748,0.9945948123931884,0.9943490624427797,0.1076565384864807
exp_1_default_parity_singletask,@/@@_class,0,45,2510.25,0.0573105812072753,0.0921661412964264,0.9631578922271729,0.9020066261291504,0.963350772857666,0.996267318725586,0.9961219429969788,0.0833045840263366
exp_1_default_parity_singletask,@/@@_class,0,46,2566.1428571428573,0.052028052508831,0.02066870834678406,0.9684210419654846,0.9062330722808838,0.9684210419654846,0.9965660572052002,0.9964543581008912,0.0794552117586135
exp_1_default_parity_singletask,@/@@_class,0,47,2620.25,0.0522613376379013,0.05775527283549305,0.9684210419654846,0.9034695625305176,0.9684210419654846,0.9961856007575988,0.9960110783576964,0.0856303796172142
exp_1_default_parity_singletask,@/@@_class,0,48,2676.1428571428573,0.0519366860389709,0.032087318226695,0.9684210419654846,0.9075384140014648,0.9684210419654846,0.9965627193450928,0.9964542984962464,0.0844534412026405
exp_1_default_parity_singletask,@/@@_class,0,49,2730.25,0.0516584329307079,0.061658926308155004,0.9631578922271729,0.9082473516464232,0.963350772857666,0.9965351819992064,0.9964542984962464,0.0808619111776351
exp_1_default_parity_singletask,@/@@_class,0,50,2786.1428571428573,0.0488476268947124,0.03216432370245452,0.9736841917037964,0.9009233713150024,0.9738219976425172,0.9952571392059326,0.9950138926506042,0.0874060913920402
exp_1_default_parity_singletask,@/@@_class,0,51,2840.25,0.0472638793289661,0.03221296472474925,0.9789473414421082,0.9156046509742736,0.9789473414421082,0.9963337779045104,0.9962326884269714,0.0759407430887222
exp_1_default_parity_singletask,@/@@_class,0,52,2896.1428571428573,0.0514682196080684,0.08159578088670963,0.9684210419654846,0.9087098240852356,0.9684210419654846,0.9968131184577942,0.9966759085655212,0.0779482126235961
exp_1_default_parity_singletask,@/@@_class,0,53,2950.25,0.0493262857198715,0.0746746184304356,0.9684210419654846,0.9065542817115784,0.9684210419654846,0.9966497421264648,0.9965651631355286,0.0813727378845214
exp_1_default_parity_singletask,@/@@_class,0,54,3006.1428571428573,0.0475134998559951,0.06502501294016834,0.9631578922271729,0.9085302352905272,0.963350772857666,0.9966955184936525,0.9965651631355286,0.0773859098553657
exp_1_default_parity_singletask,@/@@_class,0,55,3060.25,0.044671956449747,0.055867959124346535,0.9684210419654846,0.9072505235671996,0.9680851101875304,0.996838927268982,0.9966759085655212,0.0848612040281295
exp_1_default_parity_singletask,@/@@_class,0,56,3116.1428571428573,0.0487965196371078,0.04697192274034018,0.9631578922271729,0.9050278663635254,0.9637305736541748,0.9960070848464966,0.995900332927704,0.084948718547821
exp_1_default_parity_singletask,@/@@_class,0,57,3170.25,0.04373499751091,0.049411297310143654,0.9684210419654846,0.909497082233429,0.9684210419654846,0.9969847202301024,0.996897518634796,0.0731313526630401
exp_1_default_parity_singletask,@/@@_class,0,58,3226.1428571428573,0.0441981926560401,0.033012839779257716,0.9684210419654846,0.9102750420570374,0.9684210419654846,0.9967952966690063,0.9966759085655212,0.0740352794528007
exp_1_default_parity_singletask,@/@@_class,0,59,3280.25,0.0427827611565589,0.03416437904040015,0.9736841917037964,0.9159701466560364,0.9735449552536012,0.9968522191047668,0.9967867136001588,0.0737304538488388
exp_1_default_parity_singletask,@/@@_class,0,60,3336.1428571428573,0.0434757694602012,0.043960153311491,0.9684210419654846,0.9140941500663756,0.9684210419654846,0.9969732165336608,0.996897518634796,0.0749527439475059
exp_1_default_parity_singletask,@/@@_class,0,61,3390.25,0.040586270391941,0.02665196172893043,0.9684210419654846,0.917817771434784,0.9684210419654846,0.9975304007530212,0.9974514842033386,0.0701695382595062
exp_1_default_parity_singletask,@/@@_class,0,62,3446.1428571428573,0.0427050366997718,0.035897003859281476,0.9736841917037964,0.920615553855896,0.9735449552536012,0.9976428151130676,0.997562289237976,0.0698672086000442
exp_1_default_parity_singletask,@/@@_class,0,63,3500.25,0.0409319698810577,0.029239124463250204,0.9736841917037964,0.9193074107170104,0.9735449552536012,0.9970675706863404,0.9970083236694336,0.071753054857254
exp_1_default_parity_singletask,@/@@_class,0,64,3556.1428571428573,0.0395339727401733,0.043408138677477795,0.9684210419654846,0.9163745641708374,0.9684210419654846,0.9975482225418092,0.9974515438079834,0.0705765709280967
exp_1_default_parity_singletask,@/@@_class,0,65,3610.25,0.0386718437075614,0.03300900353739657,0.9789473414421082,0.9199725389480592,0.9789473414421082,0.9958369731903076,0.995678722858429,0.0801782310009002
exp_1_default_parity_singletask,@/@@_class,0,66,3666.1428571428573,0.0401614494621753,0.056788349524140316,0.9684210419654846,0.9167319536209106,0.9684210419654846,0.9975337982177734,0.9974515438079834,0.0700992196798324
exp_1_default_parity_singletask,@/@@_class,0,67,3720.25,0.0367268435657024,0.024539993455012604,0.9736841917037964,0.9174820184707642,0.9735449552536012,0.996450901031494,0.9962326288223268,0.0809897109866142
exp_1_default_parity_singletask,@/@@_class,0,68,3776.1428571428573,0.0398358255624771,0.03553914800286288,0.9684210419654846,0.915258288383484,0.9684210419654846,0.996997594833374,0.996897518634796,0.072936899960041
exp_1_default_parity_singletask,@/@@_class,0,69,3830.25,0.0369942933320999,0.02263768948614593,0.9684210419654846,0.9210863709449768,0.9684210419654846,0.99785578250885,0.9977839589118958,0.0669647753238678
exp_1_default_parity_singletask,@/@@_class,0,70,3886.1428571428573,0.0355695374310016,0.02332911044359202,0.9684210419654846,0.9210879802703856,0.9684210419654846,0.9975560903549194,0.9974515438079834,0.0689353793859481
exp_1_default_parity_singletask,@/@@_class,0,71,3940.25,0.0368432141840457,0.0466397347239156,0.9684210419654846,0.9209256768226624,0.9684210419654846,0.9975652694702148,0.9974515438079834,0.0671288445591926
exp_1_default_parity_singletask,@/@@_class,0,72,3996.1428571428573,0.0377661101520061,0.05852674990892406,0.9684210419654846,0.91609925031662,0.9684210419654846,0.9971967935562134,0.9971190690994264,0.0685547664761543
exp_1_default_parity_singletask,@/@@_class,0,73,4050.25,0.0355854555964469,0.029876910344076597,0.9736841917037964,0.9211670756340028,0.9735449552536012,0.996810257434845,0.9966758489608764,0.0716594830155372
exp_1_default_parity_singletask,@/@@_class,0,74,4106.142857142857,0.0347181223332881,0.030133606866002038,0.9684210419654846,0.9224003553390504,0.9684210419654846,0.9978197813034058,0.997783899307251,0.0627158060669899
exp_1_default_parity_singletask,@/@@_class,1,0,36.142857142857146,0.6840124130249023,0.6838793516159057,0.5,0.0400056838989257,0.0,0.8060301542282104,0.782492995262146,0.7055752277374268
exp_1_default_parity_singletask,@/@@_class,1,1,90.25,0.595442533493042,0.5322134246428808,0.7842105031013489,0.3469868898391723,0.7853403091430664,0.870119571685791,0.8162881135940552,0.5214698314666748
exp_1_default_parity_singletask,@/@@_class,1,2,146.14285714285714,0.3884472548961639,0.3810612082481384,0.7947368621826172,0.4864681363105774,0.7417218685150146,0.9412459135055542,0.9325207471847534,0.4248398244380951
exp_1_default_parity_singletask,@/@@_class,1,3,200.25,0.3022891581058502,0.26890439291795093,0.8368421196937561,0.6550889611244202,0.8306010961532593,0.9575194716453552,0.9546814560890198,0.2331268638372421
exp_1_default_parity_singletask,@/@@_class,1,4,256.14285714285717,0.2484544068574905,0.25018579363822935,0.9315789341926576,0.6987539529800415,0.9312169551849364,0.9784393310546876,0.977950155735016,0.2051675021648407
exp_1_default_parity_singletask,@/@@_class,1,5,310.25,0.2322976440191269,0.26058595875898993,0.9263157844543456,0.7020721435546875,0.9263157844543456,0.979464054107666,0.9766204953193665,0.2086896449327469
exp_1_default_parity_singletask,@/@@_class,1,6,366.14285714285717,0.2228689491748809,0.25793595314025874,0.8947368264198303,0.7428501844406128,0.8924731016159058,0.9748886823654176,0.9741827845573424,0.1862268596887588
exp_1_default_parity_singletask,@/@@_class,1,7,420.25,0.2302786707878112,0.17936205863952634,0.921052634716034,0.7242752909660339,0.9230769276618958,0.9821227788925172,0.98016619682312,0.1883901059627533
exp_1_default_parity_singletask,@/@@_class,1,8,476.14285714285717,0.2030651867389679,0.2314020454883575,0.921052634716034,0.7601534128189087,0.9214659929275512,0.9773879051208496,0.9766204953193665,0.1852712482213974
exp_1_default_parity_singletask,@/@@_class,1,9,530.25,0.1832263618707656,0.1661060104767481,0.8999999761581421,0.7922899127006531,0.8926553726196289,0.9848390221595764,0.9837118983268738,0.1895743459463119
exp_1_default_parity_singletask,@/@@_class,1,10,586.1428571428571,0.1829811036586761,0.16065012514591212,0.9368420839309692,0.8003396391868591,0.9368420839309692,0.9867969155311584,0.9858171939849854,0.1509967297315597
exp_1_default_parity_singletask,@/@@_class,1,11,640.25,0.1607164293527603,0.15896477053562796,0.9157894849777222,0.8003501892089844,0.9111111164093018,0.9852900505065918,0.984709084033966,0.167057603597641
exp_1_default_parity_singletask,@/@@_class,1,12,696.1428571428571,0.149743378162384,0.1553158819675445,0.942105233669281,0.8263300061225891,0.9435897469520568,0.993640959262848,0.992908537387848,0.1283866614103317
exp_1_default_parity_singletask,@/@@_class,1,13,750.25,0.1398703604936599,0.11765013324717681,0.9157894849777222,0.8120835423469543,0.9207921028137208,0.986143946647644,0.9860387444496156,0.1740621626377105
exp_1_default_parity_singletask,@/@@_class,1,14,806.1428571428571,0.1475928574800491,0.13348961025476452,0.9263157844543456,0.8024031519889832,0.9292929172515868,0.9886404275894164,0.9885872602462769,0.156249314546585
exp_1_default_parity_singletask,@/@@_class,1,15,860.25,0.135759487748146,0.12098696517447627,0.9368420839309692,0.8454945683479309,0.9375,0.9915053844451904,0.9912465214729308,0.1189494654536247
exp_1_default_parity_singletask,@/@@_class,1,16,916.1428571428571,0.1163784191012382,0.11042178422212597,0.9526315927505492,0.8587849140167236,0.9518716335296632,0.994362771511078,0.994238257408142,0.1029900386929512
exp_1_default_parity_singletask,@/@@_class,1,17,970.25,0.1219114959239959,0.11790300160646433,0.9578947424888612,0.8655733466148376,0.9569892287254332,0.9938087463378906,0.99368417263031,0.1114702150225639
exp_1_default_parity_singletask,@/@@_class,1,18,1026.142857142857,0.1110625639557838,0.12158850431442254,0.9631578922271729,0.8768873810768127,0.9629629850387572,0.9954004883766174,0.995457112789154,0.09075578302145
exp_1_default_parity_singletask,@/@@_class,1,19,1080.25,0.1175563782453537,0.12261106073856348,0.9684210419654846,0.8841132521629333,0.96875,0.9956601858139038,0.9957895278930664,0.084124356508255
exp_1_default_parity_singletask,@/@@_class,1,20,1136.142857142857,0.1095087379217147,0.14448228329420085,0.9631578922271729,0.8794603943824768,0.9629629850387572,0.9958356618881226,0.9959002733230592,0.0874402299523353
exp_1_default_parity_singletask,@/@@_class,1,21,1190.25,0.1058547645807266,0.11029818405707675,0.9526315927505492,0.8759626746177673,0.9518716335296632,0.9962421655654908,0.996121883392334,0.1050826609134674
exp_1_default_parity_singletask,@/@@_class,1,22,1246.142857142857,0.1093800961971283,0.12302357852458952,0.9684210419654846,0.8823027014732361,0.9677419066429138,0.9958581924438475,0.9960110783576964,0.0856411680579185
exp_1_default_parity_singletask,@/@@_class,1,23,1300.25,0.1009712517261505,0.08836662769317621,0.9789473414421082,0.9020645022392272,0.978723406791687,0.9977739453315736,0.9977839589118958,0.0693858563899993
exp_1_default_parity_singletask,@/@@_class,1,24,1356.142857142857,0.0923835411667823,0.12659491151571267,0.9736841917037964,0.9024115204811096,0.97409325838089,0.9975860118865968,0.9976731538772584,0.0729805082082748
exp_1_default_parity_singletask,@/@@_class,1,25,1410.25,0.088186427950859,0.08163304999470708,0.9526315927505492,0.8733701109886169,0.9533678889274596,0.9946599006652832,0.9945706725120544,0.1009033173322677
exp_1_default_parity_singletask,@/@@_class,1,26,1466.142857142857,0.0934771001338958,0.05415454097092148,0.9631578922271729,0.9019435048103333,0.963350772857666,0.9969696998596193,0.9970083236694336,0.0746688991785049
exp_1_default_parity_singletask,@/@@_class,1,27,1520.25,0.0869989171624183,0.06132313484946881,0.9736841917037964,0.910185158252716,0.97409325838089,0.9977061152458192,0.9977839589118958,0.0688033923506736
exp_1_default_parity_singletask,@/@@_class,1,28,1576.142857142857,0.0886345878243446,0.09114373028278347,0.9578947424888612,0.8972011208534241,0.9569892287254332,0.9966455698013306,0.9965651035308838,0.0752856135368347
exp_1_default_parity_singletask,@/@@_class,1,29,1630.25,0.0830534771084785,0.08184673280144726,0.9789473414421082,0.9153375029563904,0.9793814420700072,0.9986109733581544,0.9986703395843506,0.062320839613676
exp_1_default_parity_singletask,@/@@_class,1,30,1686.142857142857,0.0835324004292488,0.06656633764505385,0.9684210419654846,0.9126043319702148,0.9680851101875304,0.9977818131446838,0.997783899307251,0.0652980729937553
exp_1_default_parity_singletask,@/@@_class,1,31,1740.25,0.078383594751358,0.08526419599850966,0.9684210419654846,0.913240134716034,0.9677419066429138,0.998021125793457,0.998005509376526,0.0643326714634895
exp_1_default_parity_singletask,@/@@_class,1,32,1796.142857142857,0.07963427901268,0.07847049757838244,0.9684210419654846,0.9061010479927064,0.9677419066429138,0.9980612397193908,0.998116374015808,0.0665669590234756
exp_1_default_parity_singletask,@/@@_class,1,33,1850.25,0.0765388756990432,0.09338688819358743,0.9684210419654846,0.916004240512848,0.9684210419654846,0.9980074167251588,0.9980055689811708,0.0615649968385696
exp_1_default_parity_singletask,@/@@_class,1,34,1906.142857142857,0.0760798305273056,0.11004569530487056,0.9684210419654846,0.9075472950935364,0.96875,0.9975343942642212,0.9974516034126282,0.0695142596960067
exp_1_default_parity_singletask,@/@@_class,1,35,1960.25,0.0726645663380622,0.06894815588990844,0.9894737005233764,0.9287723302841188,0.9894737005233764,0.9976311326026917,0.9977840185165404,0.0544562377035617
exp_1_default_parity_singletask,@/@@_class,1,36,2016.142857142857,0.0648770257830619,0.05709369033575053,0.9894737005233764,0.9278090000152588,0.9894737005233764,0.998254656791687,0.998337984085083,0.052640151232481
exp_1_default_parity_singletask,@/@@_class,1,37,2070.25,0.0671695694327354,0.045287038975705664,0.9473684430122375,0.8874838948249817,0.9473684430122375,0.9944576025009156,0.9943490028381348,0.1013599932193756
exp_1_default_parity_singletask,@/@@_class,1,38,2126.1428571428573,0.0727525055408477,0.07152668163180345,0.9842105507850648,0.9232879281044006,0.984455943107605,0.998419463634491,0.9984487891197203,0.0577438548207283
exp_1_default_parity_singletask,@/@@_class,1,39,2180.25,0.064395859837532,0.04470270810027913,0.9789473414421082,0.9273596405982972,0.9791666865348816,0.9984362125396729,0.9984487891197203,0.0533588118851184
exp_1_default_parity_singletask,@/@@_class,1,40,2236.1428571428573,0.0632685422897338,0.05326302275061604,0.9789473414421082,0.9269660711288452,0.978723406791687,0.9987613558769226,0.998781144618988,0.052316278219223
exp_1_default_parity_singletask,@/@@_class,1,41,2290.25,0.0642519146203994,0.05803657385210192,0.9842105507850648,0.932822585105896,0.9842932224273682,0.9985052347183228,0.9985595345497132,0.0500040464103221
exp_1_default_parity_singletask,@/@@_class,1,42,2346.1428571428573,0.0608652010560035,0.08577591180801386,0.9789473414421082,0.9292230606079102,0.978723406791687,0.9989933967590332,0.9990027546882628,0.0480130761861801
exp_1_default_parity_singletask,@/@@_class,1,43,2400.25,0.0582063309848308,0.06188311334699389,0.9894737005233764,0.9322248101234436,0.9895833134651184,0.9982327818870544,0.9983379244804382,0.0524647273123264
exp_1_default_parity_singletask,@/@@_class,1,44,2456.1428571428573,0.0547033809125423,0.0494141479954123,0.9842105507850648,0.942070722579956,0.9842932224273682,0.9989761114120485,0.9990027546882628,0.0452758185565471
exp_1_default_parity_singletask,@/@@_class,1,45,2510.25,0.0566049143671989,0.06315403121213115,0.9842105507850648,0.9386724829673768,0.9841269850730896,0.9988670349121094,0.9988920092582704,0.044538989663124
exp_1_default_parity_singletask,@/@@_class,1,46,2566.1428571428573,0.0547826662659645,0.0901377938687801,0.9947368502616882,0.9364376068115234,0.9947643876075744,0.9983407258987428,0.9984487891197203,0.0468588545918464
exp_1_default_parity_singletask,@/@@_class,1,47,2620.25,0.054233506321907,0.06114433628196513,0.9894737005233764,0.938541829586029,0.9895833134651184,0.9987467527389526,0.9987812042236328,0.0448962375521659
exp_1_default_parity_singletask,@/@@_class,1,48,2676.1428571428573,0.0522544085979461,0.04249813258647916,0.9894737005233764,0.9416481852531432,0.9895833134651184,0.9987189769744872,0.998781144618988,0.0487621314823627
exp_1_default_parity_singletask,@/@@_class,1,49,2730.25,0.0534185916185379,0.07261849722514546,0.9947368502616882,0.9489491581916808,0.9947643876075744,0.9992030262947084,0.9992243647575378,0.0379623994231224
exp_1_default_parity_singletask,@/@@_class,1,50,2786.1428571428573,0.0507447533309459,0.03248432949185368,0.9894737005233764,0.94229257106781,0.9895833134651184,0.9981036186218262,0.9982271194458008,0.0485736243426799
exp_1_default_parity_singletask,@/@@_class,1,51,2840.25,0.05441639944911,0.025668502552434764,0.9736841917037964,0.9297890067100524,0.9735449552536012,0.9986695647239684,0.9986703395843506,0.0506779327988624
exp_1_default_parity_singletask,@/@@_class,1,52,2896.1428571428573,0.0467284694314003,0.04632386378943914,0.9894737005233764,0.951405942440033,0.9895833134651184,0.9988420605659484,0.9988920092582704,0.0373668558895587
exp_1_default_parity_singletask,@/@@_class,1,53,2950.25,0.0478142313659191,0.04628609322632347,0.9947368502616882,0.948763072490692,0.9947643876075744,0.9987189769744872,0.9987812042236328,0.0399421900510787
exp_1_default_parity_singletask,@/@@_class,1,54,3006.1428571428573,0.0453924611210823,0.04166311174631112,0.9842105507850648,0.9447864294052124,0.9841269850730896,0.9992030262947084,0.9992243647575378,0.0394300818443298
exp_1_default_parity_singletask,@/@@_class,1,55,3060.25,0.0471024699509143,0.04857150830018022,0.9947368502616882,0.9475783705711364,0.9947643876075744,0.99932062625885,0.9993351697921752,0.0374561212956905
exp_1_default_parity_singletask,@/@@_class,1,56,3116.1428571428573,0.0450359135866165,0.04695352688431736,0.9894737005233764,0.9583303928375244,0.9895833134651184,0.9992030262947084,0.9992244243621826,0.034734833985567
exp_1_default_parity_singletask,@/@@_class,1,57,3170.25,0.0423120781779289,0.04089938104152677,0.9947368502616882,0.952458918094635,0.9947643876075744,0.9992030262947084,0.9992243647575378,0.0345313921570777
exp_1_default_parity_singletask,@/@@_class,1,58,3226.1428571428573,0.0416389890015125,0.04368304461240764,0.9947368502616882,0.9558355808258056,0.9947643876075744,0.9985944032669068,0.9986703991889954,0.0358150526881217
exp_1_default_parity_singletask,@/@@_class,1,59,3280.25,0.0404357686638832,0.05697247137626008,0.9947368502616882,0.9563840627670288,0.9947643876075744,0.9983407258987428,0.9984487295150756,0.03696746006608
exp_1_default_parity_singletask,@/@@_class,1,60,3336.1428571428573,0.0410220623016357,0.05444010719656942,0.9894737005233764,0.94251948595047,0.9895833134651184,0.9983603954315186,0.9984487295150756,0.0450984872877597
exp_1_default_parity_singletask,@/@@_class,1,61,3390.25,0.0413722470402717,0.022469226658965114,0.9894737005233764,0.9558855295181274,0.9895833134651184,0.9983407258987428,0.9984487295150756,0.0403177998960018
exp_1_default_parity_singletask,@/@@_class,1,62,3446.1428571428573,0.0397744998335838,0.04306118302047248,0.9894737005233764,0.950413167476654,0.9895833134651184,0.9984683394432068,0.998559594154358,0.043564174324274
exp_1_default_parity_singletask,@/@@_class,1,63,3500.25,0.037393569946289,0.03626914632817107,0.9947368502616882,0.962866187095642,0.9947643876075744,0.9987189769744872,0.9987812042236328,0.0331674143671989
exp_1_default_parity_singletask,@/@@_class,1,64,3556.1428571428573,0.0370635762810707,0.025063748285174305,0.9947368502616882,0.9563402533531188,0.9947643876075744,0.9992030262947084,0.9992244243621826,0.0321367569267749
exp_1_default_parity_singletask,@/@@_class,1,65,3610.25,0.0357706099748611,0.032066576958944354,0.9894737005233764,0.9614232778549194,0.9894737005233764,0.997948408126831,0.998116374015808,0.0354326777160167
exp_1_default_parity_singletask,@/@@_class,1,66,3666.1428571428573,0.0359733700752258,0.03801204590126866,0.9894737005233764,0.949905276298523,0.9895833134651184,0.9994369745254515,0.9994460344314576,0.0347286090254783
exp_1_default_parity_singletask,@/@@_class,1,67,3720.25,0.0365732759237289,0.025626631686463897,0.9947368502616882,0.9638663530349731,0.9947643876075744,0.9983407258987428,0.9984487295150756,0.0333826318383216
exp_1_default_parity_singletask,@/@@_class,1,68,3776.1428571428573,0.0347074642777442,0.0327451346442103,0.9947368502616882,0.962757170200348,0.9947643876075744,0.99932062625885,0.9993351697921752,0.0298757404088974
exp_1_default_parity_singletask,@/@@_class,1,69,3830.25,0.0360347367823123,0.05351080279797312,0.9947368502616882,0.9617912769317628,0.9947643876075744,0.9992030262947084,0.9992244243621826,0.0311571732163429
exp_1_default_parity_singletask,@/@@_class,1,70,3886.1428571428573,0.0330666415393352,0.022100887866690698,0.9947368502616882,0.9647892713546752,0.9947643876075744,0.99932062625885,0.9993351697921752,0.0298423469066619
exp_1_default_parity_singletask,@/@@_class,1,71,3940.25,0.032502245157957,0.03467096188493688,0.9947368502616882,0.9617556929588318,0.9947643876075744,0.9989637732505798,0.9990028142929076,0.0317904911935329
exp_1_default_parity_singletask,@/@@_class,1,72,3996.1428571428573,0.032754860818386,0.051105480268597556,0.9947368502616882,0.9632728695869446,0.9947643876075744,0.9988420605659484,0.9988919496536256,0.0313933975994586
exp_1_default_parity_singletask,@/@@_class,1,73,4050.25,0.0323949418962001,0.023864579891475484,0.9894737005233764,0.958750545978546,0.9894737005233764,0.9992030262947084,0.9992244243621826,0.0311385374516248
exp_1_default_parity_singletask,@/@@_class,1,74,4106.142857142857,0.0323220342397689,0.02652699388563628,0.9947368502616882,0.9688563346862792,0.9947643876075744,0.9985944032669068,0.9986703395843506,0.0318390429019928
exp_1_default_parity_singletask,@/@@_class,2,0,36.142857142857146,0.6905611157417297,0.6881106853485107,0.7052631378173828,0.0201172232627868,0.7431192398071289,0.6830763816833496,0.7318559885025024,0.6745138764381409
exp_1_default_parity_singletask,@/@@_class,2,1,90.25,0.5587753057479858,0.545686329404513,0.7473683953285217,0.3381099104881286,0.7473683953285217,0.871579647064209,0.8495291471481323,0.5295819044113159
exp_1_default_parity_singletask,@/@@_class,2,2,146.14285714285714,0.3289102017879486,0.35759384036064146,0.7473683953285217,0.54751056432724,0.7525773048400879,0.9120185375213624,0.90216064453125,0.4310407042503357
exp_1_default_parity_singletask,@/@@_class,2,3,200.25,0.2586646378040313,0.2496538013219833,0.7684210538864136,0.5804344415664673,0.7708333134651184,0.9264425039291382,0.9180054664611816,0.3016124069690704
exp_1_default_parity_singletask,@/@@_class,2,4,256.14285714285717,0.2387847751379013,0.19782556295394893,0.7894737124443054,0.6055638790130615,0.795918345451355,0.9367534518241882,0.9288643002510072,0.2796087861061096
exp_1_default_parity_singletask,@/@@_class,2,5,310.25,0.2305835038423538,0.20934354017178214,0.8157894611358643,0.6087585091590881,0.782608687877655,0.9675891399383544,0.9656509757041932,0.2713475823402405
exp_1_default_parity_singletask,@/@@_class,2,6,366.14285714285717,0.2226854115724563,0.2366906881332397,0.8578947186470032,0.624464750289917,0.8402366638183594,0.9708967208862304,0.9701938629150392,0.2558139860630035
exp_1_default_parity_singletask,@/@@_class,2,7,420.25,0.213794931769371,0.19302178919315338,0.8999999761581421,0.6558277606964111,0.8994709253311157,0.9753867387771606,0.9752908945083618,0.2310057431459427
exp_1_default_parity_singletask,@/@@_class,2,8,476.14285714285717,0.2040704488754272,0.21404293775558467,0.9315789341926576,0.6864314079284668,0.9312169551849364,0.9830409288406372,0.9812742471694946,0.2075618356466293
exp_1_default_parity_singletask,@/@@_class,2,9,530.25,0.187306597828865,0.19979963451623914,0.8999999761581421,0.7403255701065063,0.9025641083717346,0.9755383133888244,0.9741828441619872,0.2068568915128708
exp_1_default_parity_singletask,@/@@_class,2,10,586.1428571428571,0.1598585993051529,0.15671204477548595,0.9263157844543456,0.7810205221176147,0.924731194972992,0.9850707054138184,0.984265923500061,0.1600712388753891
exp_1_default_parity_singletask,@/@@_class,2,11,640.25,0.1596415787935257,0.18525840590397513,0.921052634716034,0.7679554224014282,0.920634925365448,0.9849971532821656,0.9836010932922364,0.1646789908409118
exp_1_default_parity_singletask,@/@@_class,2,12,696.1428571428571,0.1499567627906799,0.1553393393754959,0.942105233669281,0.7835033535957336,0.9417989253997804,0.9871432185173036,0.9867035746574402,0.1543627232313156
exp_1_default_parity_singletask,@/@@_class,2,13,750.25,0.1321804821491241,0.08334830837945138,0.9473684430122375,0.8121606111526489,0.9479166865348816,0.9893232583999634,0.9885872602462769,0.1388007849454879
exp_1_default_parity_singletask,@/@@_class,2,14,806.1428571428571,0.1299528777599334,0.13167672455310814,0.9263157844543456,0.7907209992408752,0.9263157844543456,0.9838566780090332,0.9826038479804992,0.1624405533075332
exp_1_default_parity_singletask,@/@@_class,2,15,860.25,0.1193175688385963,0.08798962769409015,0.9368420839309692,0.8304091691970825,0.936170220375061,0.9881035089492798,0.9868143796920776,0.1488952189683914
exp_1_default_parity_singletask,@/@@_class,2,16,916.1428571428571,0.1073079034686088,0.08710394948720926,0.942105233669281,0.8439091444015503,0.9424083828926086,0.9900945425033568,0.9895844459533693,0.1399939209222793
exp_1_default_parity_singletask,@/@@_class,2,17,970.25,0.1023483350872993,0.06404674674073849,0.9368420839309692,0.8416581749916077,0.9375,0.9886683225631714,0.9882548451423644,0.1359976083040237
exp_1_default_parity_singletask,@/@@_class,2,18,1026.142857142857,0.10264153778553,0.11690397262573238,0.9473684430122375,0.836755633354187,0.9494949579238892,0.9883159399032592,0.987922430038452,0.1637164950370788
exp_1_default_parity_singletask,@/@@_class,2,19,1080.25,0.0955323651432991,0.09690148010849947,0.9368420839309692,0.8506002426147461,0.938144326210022,0.9907239675521852,0.9902493357658386,0.1463738679885864
exp_1_default_parity_singletask,@/@@_class,2,20,1136.142857142857,0.1027463749051094,0.08776701316237447,0.9473684430122375,0.8521026968955994,0.9479166865348816,0.9893907308578492,0.989030420780182,0.1392829567193985
exp_1_default_parity_singletask,@/@@_class,2,21,1190.25,0.0891385525465011,0.07770583033561702,0.9368420839309692,0.8552606105804443,0.936170220375061,0.9873630404472352,0.9873684048652648,0.1490084528923034
exp_1_default_parity_singletask,@/@@_class,2,22,1246.142857142857,0.086541399359703,0.08964392617344852,0.9473684430122375,0.863280177116394,0.9468085169792176,0.9875768423080444,0.9874791502952576,0.1530623137950897
exp_1_default_parity_singletask,@/@@_class,2,23,1300.25,0.083731509745121,0.11272958541909849,0.9368420839309692,0.8638233542442322,0.936170220375061,0.9871238470077516,0.9870359897613524,0.1563540548086166
exp_1_default_parity_singletask,@/@@_class,2,24,1356.142857142857,0.0856714472174644,0.08449866548180573,0.942105233669281,0.8560606241226196,0.9424083828926086,0.9891362190246582,0.9886980652809144,0.1607716977596283
exp_1_default_parity_singletask,@/@@_class,2,25,1410.25,0.0788501948118209,0.075283622679611,0.942105233669281,0.8610849380493164,0.9430052042007446,0.9876519441604614,0.9871468544006348,0.1741734147071838
exp_1_default_parity_singletask,@/@@_class,2,26,1466.142857142857,0.0724031776189804,0.06551215201616284,0.9526315927505492,0.8647626042366028,0.9523809552192688,0.988771915435791,0.9882547855377196,0.1587489545345306
exp_1_default_parity_singletask,@/@@_class,2,27,1520.25,0.0736568942666053,0.07812153361737724,0.9263157844543456,0.8385940790176392,0.9255319237709044,0.9851401448249816,0.984265923500061,0.2055766880512237
exp_1_default_parity_singletask,@/@@_class,3,0,36.142857142857146,0.6841244101524353,0.6864723682403564,0.5263158082962036,0.0819640755653381,0.6691176295280457,0.7782697081565857,0.8052077293395996,0.6380435228347778
exp_1_default_parity_singletask,@/@@_class,3,1,90.25,0.5136901140213013,0.5004586403568586,0.7263157963752747,0.3607075214385986,0.7851239442825317,0.9085941910743712,0.9103600978851318,0.5589317083358765
exp_1_default_parity_singletask,@/@@_class,3,2,146.14285714285714,0.3410668671131134,0.33590335249900816,0.8473684191703796,0.6260095834732056,0.8612440228462219,0.9546664953231812,0.9512465000152588,0.257226288318634
exp_1_default_parity_singletask,@/@@_class,3,3,200.25,0.2676260769367218,0.29733999570210773,0.8473684191703796,0.6512230038642883,0.8220859169960022,0.9574713110923768,0.9549030661582948,0.2390440255403518
exp_1_default_parity_singletask,@/@@_class,3,4,256.14285714285717,0.2448480576276779,0.22275450527667995,0.8631578683853149,0.6958521008491516,0.875,0.9685007333755492,0.9665374159812928,0.2310009449720382
exp_1_default_parity_singletask,@/@@_class,3,5,310.25,0.2280908524990081,0.238590861360232,0.8736842274665833,0.7134109139442444,0.8723404407501221,0.9668081998825072,0.9654293656349182,0.2306175380945205
exp_1_default_parity_singletask,@/@@_class,3,6,366.14285714285717,0.2283543646335601,0.2514467895030975,0.9052631855010986,0.7121506929397583,0.8965517282485962,0.9794399738311768,0.9776177406311036,0.2062060236930847
exp_1_default_parity_singletask,@/@@_class,3,7,420.25,0.2203386276960373,0.20916033039490378,0.9263157844543456,0.7069944143295288,0.9255319237709044,0.9824159145355223,0.9812742471694946,0.2009013891220092
exp_1_default_parity_singletask,@/@@_class,3,8,476.14285714285717,0.2100788950920105,0.19104298949241633,0.9368420839309692,0.7407055497169495,0.9368420839309692,0.9884729385375975,0.98781156539917,0.176073208451271
exp_1_default_parity_singletask,@/@@_class,3,9,530.25,0.2009288966655731,0.17296350002288816,0.9315789341926576,0.7235807776451111,0.9265536665916444,0.9916830062866212,0.9910248517990112,0.189197763800621
exp_1_default_parity_singletask,@/@@_class,3,10,586.1428571428571,0.1954962015151977,0.19667472839355465,0.9473684430122375,0.7547069191932678,0.9484536051750184,0.9849727153778076,0.9849307537078856,0.1733075827360153
exp_1_default_parity_singletask,@/@@_class,3,11,640.25,0.1807513087987899,0.2015135735273361,0.9368420839309692,0.7641867399215698,0.9340659379959106,0.9935139417648317,0.99346262216568,0.1580913215875625
exp_1_default_parity_singletask,@/@@_class,3,12,696.1428571428571,0.1740014404058456,0.18377917408943173,0.921052634716034,0.7767711281776428,0.916201114654541,0.9903584718704224,0.990360140800476,0.1576137989759445
exp_1_default_parity_singletask,@/@@_class,3,13,750.25,0.1596445888280868,0.13981582845250762,0.9315789341926576,0.7937358021736145,0.9281768202781676,0.9918189644813538,0.9914681315422058,0.1524121463298797
exp_1_default_parity_singletask,@/@@_class,3,14,806.1428571428571,0.1580649316310882,0.1389002844691276,0.9473684430122375,0.8217968940734863,0.9489796161651612,0.990123689174652,0.9902493357658386,0.1388267278671264
exp_1_default_parity_singletask,@/@@_class,3,15,860.25,0.1411376446485519,0.1413494522372881,0.8947368264198303,0.7849262952804565,0.8850574493408203,0.9868730306625366,0.9868143796920776,0.1887698918581009
exp_1_default_parity_singletask,@/@@_class,3,16,916.1428571428571,0.1492222249507904,0.1645425528287887,0.942105233669281,0.8362244367599487,0.9430052042007446,0.989843487739563,0.9901384711265564,0.1309254020452499
exp_1_default_parity_singletask,@/@@_class,3,17,970.25,0.1254644989967346,0.1484985363980134,0.9105263352394104,0.7956963181495667,0.9071038365364076,0.9849491119384766,0.9836010932922364,0.1969086527824401
exp_1_default_parity_singletask,@/@@_class,3,18,1026.142857142857,0.1340388804674148,0.09398441910743709,0.9526315927505492,0.8407179117202759,0.9518716335296632,0.9913904666900636,0.9914681315422058,0.1219866722822189
exp_1_default_parity_singletask,@/@@_class,3,19,1080.25,0.1183873936533927,0.10656814773877459,0.9315789341926576,0.8479766845703125,0.9326424598693848,0.9912846088409424,0.9912465214729308,0.1224773526191711
exp_1_default_parity_singletask,@/@@_class,3,20,1136.142857142857,0.1110545396804809,0.08832605108618731,0.9315789341926576,0.8480338454246521,0.9319371581077576,0.9905332922935486,0.9904709458351136,0.1255187541246414
exp_1_default_parity_singletask,@/@@_class,3,21,1190.25,0.104160375893116,0.12591076393922165,0.942105233669281,0.8352333903312683,0.939890682697296,0.9920707941055298,0.9920221567153932,0.1310911327600479
exp_1_default_parity_singletask,@/@@_class,3,22,1246.142857142857,0.0976694822311401,0.08077296614646906,0.921052634716034,0.8323506712913513,0.9189189076423644,0.9887419939041138,0.9879224896430968,0.1609590798616409
exp_1_default_parity_singletask,@/@@_class,3,23,1300.25,0.0956064537167549,0.0910993305345376,0.9315789341926576,0.8443131446838379,0.9319371581077576,0.9891233444213868,0.9889196157455444,0.1486282497644424
exp_1_default_parity_singletask,@/@@_class,3,24,1356.142857142857,0.0950008705258369,0.09752363562583918,0.942105233669281,0.8569658994674683,0.9424083828926086,0.9911845326423644,0.990360140800476,0.137112483382225
exp_1_default_parity_singletask,@/@@_class,3,25,1410.25,0.0910813957452774,0.11114044239123659,0.9315789341926576,0.8549850583076477,0.9326424598693848,0.9907957315444946,0.9906925559043884,0.1401338428258896
exp_1_default_parity_singletask,@/@@_class,3,26,1466.142857142857,0.0891132354736328,0.114581786096096,0.9315789341926576,0.8478477001190186,0.9319371581077576,0.9908246994018556,0.990360140800476,0.1287123709917068
exp_1_default_parity_singletask,@/@@_class,3,27,1520.25,0.0857368484139442,0.10864788976808386,0.9315789341926576,0.861218273639679,0.9326424598693848,0.9925742149353028,0.9922437071800232,0.1149810478091239
exp_1_default_parity_singletask,@/@@_class,3,28,1576.142857142857,0.089357390999794,0.06093455329537386,0.942105233669281,0.8611692786216736,0.9417989253997804,0.9916586875915528,0.991024911403656,0.1344732195138931
exp_1_default_parity_singletask,@/@@_class,3,29,1630.25,0.0817166268825531,0.07436391618102783,0.9315789341926576,0.8499577641487122,0.930481255054474,0.9904038906097412,0.9895844459533693,0.1403676122426986
exp_1_default_parity_singletask,@/@@_class,3,30,1686.142857142857,0.0813449025154113,0.09249922037124628,0.9368420839309692,0.8590924143791199,0.936170220375061,0.9903677105903624,0.989362895488739,0.1481058150529861
exp_1_default_parity_singletask,@/@@_class,3,31,1740.25,0.0762706771492958,0.09047077503055333,0.921052634716034,0.8575952649116516,0.9214659929275512,0.9904651641845704,0.989584505558014,0.1416994035243988
exp_1_default_parity_singletask,@/@@_class,3,32,1796.142857142857,0.0705675482749939,0.06310468763113015,0.9368420839309692,0.8582029938697815,0.9354838728904724,0.9904143214225768,0.9896952509880066,0.1521921157836914
exp_1_default_parity_singletask,@/@@_class,3,33,1850.25,0.0693713873624801,0.0729668382555246,0.9368420839309692,0.8725001215934753,0.9368420839309692,0.9920333623886108,0.9912465810775756,0.1372605413198471
exp_1_default_parity_singletask,@/@@_class,3,34,1906.142857142857,0.0685980767011642,0.06642122715711588,0.9473684430122375,0.8760377764701843,0.9473684430122375,0.9913301467895508,0.9903600811958312,0.1541447043418884
exp_1_default_parity_singletask,@/@@_class,3,35,1960.25,0.070782795548439,0.05726988893002266,0.942105233669281,0.8666151762008667,0.9424083828926086,0.9910988807678224,0.9903600811958312,0.1517610549926757
exp_1_default_parity_singletask,@/@@_class,3,36,2016.142857142857,0.0745685622096061,0.09232257604598995,0.9315789341926576,0.8620786666870117,0.9326424598693848,0.9909565448760986,0.9902493357658386,0.146052673459053
exp_1_default_parity_singletask,@/@@_class,3,37,2070.25,0.0734699815511703,0.05983727052807805,0.9263157844543456,0.8526604771614075,0.9255319237709044,0.9902414083480836,0.9894736409187316,0.1471236497163772
exp_1_default_parity_singletask,@/@@_class,4,0,36.142857142857146,0.68846595287323,0.6852919220924377,0.5,0.0392438769340515,0.6666666865348816,0.7433500289916992,0.8054293394088745,0.6719998121261597
exp_1_default_parity_singletask,@/@@_class,4,1,90.25,0.570469856262207,0.5577669739723206,0.7210526466369629,0.300411581993103,0.6580645442008972,0.8538323640823364,0.8690304756164551,0.5699887275695801
exp_1_default_parity_singletask,@/@@_class,4,2,146.14285714285714,0.3803918659687042,0.35748966336250304,0.8263157606124878,0.6425923109054565,0.8307692408561707,0.944833278656006,0.9406093955039978,0.2624605000019073
exp_1_default_parity_singletask,@/@@_class,4,3,200.25,0.257669597864151,0.2855057567358017,0.8368421196937561,0.639785885810852,0.8597285151481628,0.96043199300766,0.9581162929534912,0.2453646808862686
exp_1_default_parity_singletask,@/@@_class,4,4,256.14285714285717,0.2441391795873642,0.20104952752590174,0.8421052694320679,0.6855485439300537,0.8636363744735718,0.9810072779655457,0.9804986119270324,0.2218361496925354
exp_1_default_parity_singletask,@/@@_class,4,5,310.25,0.2280068397521972,0.24932520091533653,0.8947368264198303,0.6917977333068848,0.8850574493408203,0.9713772535324096,0.9673130512237548,0.2151471972465515
exp_1_default_parity_singletask,@/@@_class,4,6,366.14285714285717,0.2172310203313827,0.22214654684066773,0.942105233669281,0.7235856652259827,0.939890682697296,0.9868764281272888,0.9858171343803406,0.1853451430797577
exp_1_default_parity_singletask,@/@@_class,4,7,420.25,0.1883027553558349,0.202603742480278,0.9157894849777222,0.7668330073356628,0.9166666865348816,0.9838418960571288,0.9833795428276062,0.1628893911838531
exp_1_default_parity_singletask,@/@@_class,4,8,476.14285714285717,0.1837139725685119,0.1867096900939941,0.9263157844543456,0.7668818831443787,0.9270833134651184,0.9868420958518982,0.9861495494842528,0.1587600260972976
exp_1_default_parity_singletask,@/@@_class,4,9,530.25,0.1822535246610641,0.16989475240310029,0.9368420839309692,0.7929761409759521,0.9354838728904724,0.987335205078125,0.986703634262085,0.152505949139595
exp_1_default_parity_singletask,@/@@_class,4,10,586.1428571428571,0.1589333117008209,0.13638249933719632,0.9368420839309692,0.7984850406646729,0.9375,0.990809440612793,0.9901385307312012,0.1370637565851211
exp_1_default_parity_singletask,@/@@_class,4,11,640.25,0.1512926965951919,0.1878280888001124,0.9526315927505492,0.8394618034362793,0.9523809552192688,0.99323308467865,0.9929085969924928,0.115478977560997
exp_1_default_parity_singletask,@/@@_class,4,12,696.1428571428571,0.1364688724279403,0.11580965965986248,0.9052631855010986,0.8239603638648987,0.9081632494926452,0.9868942499160768,0.9861496090888976,0.1437319070100784
exp_1_default_parity_singletask,@/@@_class,4,13,750.25,0.1444518864154815,0.114319355537494,0.9631578922271729,0.8603175282478333,0.9629629850387572,0.9963529109954834,0.9960110783576964,0.0947897434234619
exp_1_default_parity_singletask,@/@@_class,4,14,806.1428571428571,0.1198155358433723,0.10857414826750751,0.9368420839309692,0.8337723016738892,0.9333333373069764,0.9938435554504396,0.9937949776649476,0.1364561319351196
exp_1_default_parity_singletask,@/@@_class,4,15,860.25,0.1259047985076904,0.08419482658306754,0.9368420839309692,0.846750795841217,0.9340659379959106,0.9946982860565186,0.9945706129074096,0.1305559426546096
exp_1_default_parity_singletask,@/@@_class,4,16,916.1428571428571,0.111962504684925,0.08919872492551797,0.9631578922271729,0.8785492777824402,0.9629629850387572,0.9955912828445436,0.9951246380805968,0.0963466614484787
exp_1_default_parity_singletask,@/@@_class,4,17,970.25,0.1041193157434463,0.11096140990654624,0.9631578922271729,0.8807353973388672,0.963350772857666,0.9970123767852784,0.9967867136001588,0.0845682844519615
exp_1_default_parity_singletask,@/@@_class,4,18,1026.142857142857,0.1015534624457359,0.11573048979043957,0.9578947424888612,0.8804643750190735,0.9578947424888612,0.995428740978241,0.9952354431152344,0.0946102514863014
exp_1_default_parity_singletask,@/@@_class,4,19,1080.25,0.1022813767194747,0.060335722131033685,0.9578947424888612,0.8780112862586975,0.957446813583374,0.9937294721603394,0.9927977919578552,0.1071301847696304
exp_1_default_parity_singletask,@/@@_class,4,20,1136.142857142857,0.1027649864554405,0.09628930687904354,0.9631578922271729,0.8848015069961548,0.9637305736541748,0.995539128780365,0.9951246380805968,0.0929968655109405
exp_1_default_parity_singletask,@/@@_class,4,21,1190.25,0.0923289060592651,0.07562576544781523,0.9526315927505492,0.8906240463256836,0.9528796076774596,0.9964580535888672,0.9963434934616088,0.0859928354620933
exp_1_default_parity_singletask,@/@@_class,4,22,1246.142857142857,0.0887399911880493,0.09176461659371851,0.9578947424888612,0.8878894448280334,0.957446813583374,0.997056007385254,0.9970082640647888,0.0884334743022918
exp_1_default_parity_singletask,@/@@_class,4,23,1300.25,0.0917605310678482,0.07981332577764984,0.9578947424888612,0.8916144967079163,0.9583333134651184,0.9965024590492249,0.9963434934616088,0.0884136632084846
exp_1_default_parity_singletask,@/@@_class,4,24,1356.142857142857,0.0857039168477058,0.07416180744767188,0.9631578922271729,0.8975539803504944,0.9629629850387572,0.9974944591522216,0.9974515438079834,0.0776439979672432
exp_1_default_parity_singletask,@/@@_class,4,25,1410.25,0.0777432024478912,0.11029924141863977,0.9631578922271729,0.9093745946884156,0.9629629850387572,0.9976314306259156,0.9975623488426208,0.0671500414609909
exp_1_default_parity_singletask,@/@@_class,4,26,1466.142857142857,0.0863744840025901,0.08701489418745037,0.9578947424888612,0.9021267294883728,0.9578947424888612,0.9972391724586488,0.997119128704071,0.0699034333229065
exp_1_default_parity_singletask,@/@@_class,4,27,1520.25,0.0746254548430442,0.06960135201613103,0.9631578922271729,0.9000829458236694,0.9637305736541748,0.9965626001358032,0.9963434934616088,0.0844276547431945
exp_1_default_parity_singletask,@/@@_class,4,28,1576.142857142857,0.0741897076368331,0.09350512251257892,0.9631578922271729,0.9102147817611694,0.96256685256958,0.9979127645492554,0.9978947043418884,0.0679757744073867
exp_1_default_parity_singletask,@/@@_class,4,29,1630.25,0.0704574435949325,0.06617783382534977,0.9631578922271729,0.9168541431427002,0.963350772857666,0.9978656768798828,0.9977839589118958,0.0613108985126018
exp_1_default_parity_singletask,@/@@_class,4,30,1686.142857142857,0.0687425807118415,0.09189817309379575,0.9684210419654846,0.9159215092658995,0.9680851101875304,0.9980475902557372,0.998005509376526,0.0643362030386924
exp_1_default_parity_singletask,@/@@_class,4,31,1740.25,0.0682071670889854,0.07262541446834798,0.9631578922271729,0.9176093935966492,0.9629629850387572,0.9977370500564576,0.9976731538772584,0.0625430345535278
exp_1_default_parity_singletask,@/@@_class,4,32,1796.142857142857,0.0653934925794601,0.05749464333057398,0.9578947424888612,0.9078701734542848,0.9578947424888612,0.9970272779464722,0.9968974590301514,0.0682119205594062
exp_1_default_parity_singletask,@/@@_class,4,33,1850.25,0.0640546828508377,0.06213503237813706,0.9631578922271729,0.9146018028259276,0.963350772857666,0.99725741147995,0.9972299337387084,0.0678130835294723
exp_1_default_parity_singletask,@/@@_class,4,34,1906.142857142857,0.0598573349416255,0.0868248268961906,0.9578947424888612,0.9020665884017944,0.9583333134651184,0.995762586593628,0.9954570531845092,0.0879107639193534
exp_1_default_parity_singletask,@/@@_class,4,35,1960.25,0.057526059448719,0.055419402973105464,0.9789473414421082,0.9184223413467408,0.9789473414421082,0.9991190433502196,0.9991135597229004,0.0517092458903789
exp_1_default_parity_singletask,@/@@_class,4,36,2016.142857142857,0.0623983293771743,0.07461100369691845,0.9631578922271729,0.9031188488006592,0.9629629850387572,0.9961254596710204,0.9960110783576964,0.0816849991679191
exp_1_default_parity_singletask,@/@@_class,4,37,2070.25,0.0623408481478691,0.04532837464163695,0.9631578922271729,0.9114826321601868,0.9637305736541748,0.996767282485962,0.996565043926239,0.078139454126358
exp_1_default_parity_singletask,@/@@_class,4,38,2126.1428571428573,0.0558507405221462,0.0505206331610679,0.9894737005233764,0.9264510273933412,0.9895833134651184,0.9992199540138244,0.9992243647575378,0.0490134544670581
exp_1_default_parity_singletask,@/@@_class,4,39,2180.25,0.0558904111385345,0.07935563412805392,0.9684210419654846,0.9170459508895874,0.96875,0.9973739981651306,0.997340738773346,0.0637631267309188
exp_1_default_parity_singletask,@/@@_class,4,40,2236.1428571428573,0.052547063678503,0.0384492047131061,0.9631578922271729,0.9141893982887268,0.963350772857666,0.9967368245124816,0.9966759085655212,0.0801881775259971
exp_1_default_parity_singletask,@/@@_class,4,41,2290.25,0.0526372268795967,0.06676131176451837,0.9736841917037964,0.9152398705482484,0.97409325838089,0.997200608253479,0.9972299337387084,0.0853233411908149
exp_1_default_parity_singletask,@/@@_class,4,42,2346.1428571428573,0.0583759993314743,0.052418348193168575,0.9631578922271729,0.92289000749588,0.9629629850387572,0.9976783990859984,0.9976731538772584,0.0664216056466102
exp_1_default_parity_singletask,@/@@_class,4,43,2400.25,0.0509843863546848,0.0392053139706452,0.9684210419654846,0.9128783345222472,0.96875,0.996674418449402,0.9965651631355286,0.074124738574028
exp_1_default_parity_singletask,@/@@_class,4,44,2456.1428571428573,0.0506863668560981,0.03926642388105388,0.9631578922271729,0.92142653465271,0.9629629850387572,0.9975354671478271,0.9974515438079834,0.0604376643896102
exp_1_default_parity_singletask,@/@@_class,4,45,2510.25,0.0507392920553684,0.04811000886062777,0.9631578922271729,0.9241967797279358,0.9637305736541748,0.998068392276764,0.9978947639465332,0.0604425929486751
exp_1_default_parity_singletask,@/@@_class,4,46,2566.1428571428573,0.0527652390301227,0.05957502610981462,0.9684210419654846,0.9106152057647704,0.9684210419654846,0.9960507154464722,0.9957894682884216,0.0852732211351394
exp_1_default_parity_singletask,@/@@_class,4,47,2620.25,0.0491358190774917,0.056566667432586294,0.9631578922271729,0.9194605350494384,0.9629629850387572,0.9973949193954468,0.997340738773346,0.0715931877493858
exp_1_default_parity_singletask,@/@@_class,4,48,2676.1428571428573,0.0477097630500793,0.034668903052806774,0.9736841917037964,0.9238312244415284,0.9738219976425172,0.997016966342926,0.9967867136001588,0.0768886730074882
exp_1_default_parity_singletask,F/L_class,0,0,36.142857142857146,0.6935117840766907,0.6947402834892273,0.5,3.540515899658203e-05,0.0,0.5188384056091309,0.4966205060482025,0.6933314204216003
exp_1_default_parity_singletask,F/L_class,0,1,90.25,0.6934410333633423,0.694190243879954,0.5,2.5451183319091797e-05,0.6666666865348816,0.5156424045562744,0.5045983791351318,0.693763792514801
exp_1_default_parity_singletask,F/L_class,0,2,146.14285714285714,0.6937159895896912,0.6936588287353516,0.5,5.906820297241211e-05,0.6666666865348816,0.5317044258117676,0.5399446487426758,0.6931120157241821
exp_1_default_parity_singletask,F/L_class,0,3,200.25,0.6932659149169922,0.6938624878724416,0.5,0.0001561045646667,0.0,0.5527833700180054,0.5131301879882812,0.6930522918701172
exp_1_default_parity_singletask,F/L_class,0,4,256.14285714285717,0.6931117177009583,0.6917346358299256,0.5052631497383118,0.0005710124969482,0.0961538478732109,0.5571357011795044,0.546703577041626,0.6927002668380737
exp_1_default_parity_singletask,F/L_class,0,5,310.25,0.6932163834571838,0.6908497214317322,0.5263158082962036,0.0016826391220092,0.5054945349693298,0.5585885047912598,0.5577839612960815,0.6915699243545532
exp_1_default_parity_singletask,F/L_class,0,6,366.14285714285717,0.6868043541908264,0.6948034524917602,0.5473684072494507,0.0169833302497863,0.6194690465927124,0.5876672267913818,0.5735180377960205,0.6801912188529968
exp_1_default_parity_singletask,F/L_class,0,7,420.25,0.6780050992965698,0.6752895216147105,0.557894766330719,0.0301164388656616,0.6000000238418579,0.6213964819908142,0.6050969362258911,0.6705164909362793
exp_1_default_parity_singletask,F/L_class,0,8,476.14285714285717,0.6624739766120911,0.6775490999221802,0.6157894730567932,0.0466198921203613,0.65727698802948,0.661919891834259,0.6762326955795288,0.6562766432762146
exp_1_default_parity_singletask,F/L_class,0,9,530.25,0.649706244468689,0.6395766337712606,0.6684210300445557,0.1255538463592529,0.6631016135215759,0.6880084276199341,0.7126870155334473,0.6220263838768005
exp_1_default_parity_singletask,F/L_class,0,10,586.1428571428571,0.6329211592674255,0.6210977554321289,0.6578947305679321,0.1301873326301574,0.6666666865348816,0.7207801342010498,0.7183379530906677,0.6104046702384949
exp_1_default_parity_singletask,F/L_class,0,11,640.25,0.6106979250907898,0.6238375802834829,0.6526315808296204,0.162218689918518,0.6024096608161926,0.7469413876533508,0.7566758990287781,0.6047936677932739
exp_1_default_parity_singletask,F/L_class,0,12,696.1428571428571,0.5890122056007385,0.6035037636756897,0.699999988079071,0.2192423343658447,0.7046632170677185,0.7554572224617004,0.7686426639556885,0.578047513961792
exp_1_default_parity_singletask,F/L_class,0,13,750.25,0.577100932598114,0.5969370007514954,0.7052631378173828,0.2136948108673095,0.7281553149223328,0.7616451978683472,0.7684210538864136,0.5853466391563416
exp_1_default_parity_singletask,F/L_class,0,14,806.1428571428571,0.5681009888648987,0.572081196308136,0.6894736886024475,0.235660970211029,0.6740331649780273,0.7634224891662598,0.7695291042327881,0.583594799041748
exp_1_default_parity_singletask,F/L_class,0,15,860.25,0.5488943457603455,0.5469153722127279,0.7157894968986511,0.2045421600341797,0.7096773982048035,0.7785409688949585,0.791024923324585,0.5707510709762573
exp_1_default_parity_singletask,F/L_class,0,16,916.1428571428571,0.5385509729385376,0.5313688337802887,0.7105262875556946,0.2313582897186279,0.6820809245109558,0.7731603384017944,0.7808310389518738,0.5769036412239075
exp_1_default_parity_singletask,F/L_class,0,17,970.25,0.5262302756309509,0.5734442075093588,0.7157894968986511,0.2387080192565918,0.7244898080825806,0.7840447425842285,0.7934626340866089,0.5563381910324097
exp_1_default_parity_singletask,F/L_class,0,18,1026.142857142857,0.5138852596282959,0.4869829654693604,0.7157894968986511,0.29477059841156,0.7096773982048035,0.7666637897491455,0.7838227152824402,0.5940631628036499
exp_1_default_parity_singletask,F/L_class,0,19,1080.25,0.5044656991958618,0.48961254954338074,0.7263157963752747,0.305340051651001,0.7319587469100952,0.7764532566070557,0.7873684167861938,0.5986059904098511
exp_1_default_parity_singletask,F/L_class,0,20,1136.142857142857,0.5002592206001282,0.4908783495426178,0.7368420958518982,0.3169320821762085,0.7311828136444092,0.7830893993377686,0.800997257232666,0.5760209560394287
exp_1_default_parity_singletask,F/L_class,0,21,1190.25,0.4747178554534912,0.49677648146947223,0.7368420958518982,0.3109523057937622,0.7422680258750916,0.7737810015678406,0.7875900268554688,0.6037530899047852
exp_1_default_parity_singletask,F/L_class,0,22,1246.142857142857,0.4590120911598205,0.4680899381637573,0.75789475440979,0.3273971080780029,0.7472527623176575,0.7866568565368652,0.8037673234939575,0.5901870727539062
exp_1_default_parity_singletask,F/L_class,0,23,1300.25,0.4540207684040069,0.4513313819964726,0.6894736886024475,0.2886055111885071,0.7064676880836487,0.7659754753112793,0.7706371545791626,0.622610330581665
exp_1_default_parity_singletask,F/L_class,0,24,1356.142857142857,0.445618212223053,0.46257169246673585,0.7052631378173828,0.2896611094474792,0.7052631378173828,0.7638790607452393,0.7742935419082642,0.6309415102005005
exp_1_default_parity_singletask,F/L_class,0,25,1410.25,0.4337403774261474,0.4483062078555425,0.699999988079071,0.3104948997497558,0.6779661178588867,0.737686038017273,0.7741827964782715,0.6675569415092468
exp_1_default_parity_singletask,F/L_class,0,26,1466.142857142857,0.4263647198677063,0.4525300860404968,0.699999988079071,0.294695496559143,0.688524603843689,0.7536299228668213,0.7683101892471313,0.6491662859916687
exp_1_default_parity_singletask,F/L_class,0,27,1520.25,0.4113178551197052,0.39128022889296216,0.6842105388641357,0.3047719597816467,0.6875,0.7493006587028503,0.7656509876251221,0.662605345249176
exp_1_default_parity_singletask,F/L_class,1,0,36.142857142857146,0.6936621069908142,0.6940733909606933,0.5,9.959936141967772e-05,0.6666666865348816,0.6084747314453125,0.5386149883270264,0.6931860446929932
exp_1_default_parity_singletask,F/L_class,1,1,90.25,0.6939833164215088,0.6946012477080027,0.5,3.659725189208984e-05,0.0,0.4930818676948547,0.5283102989196777,0.6933162212371826
exp_1_default_parity_singletask,F/L_class,1,2,146.14285714285714,0.6935301423072815,0.6937583327293396,0.5,8.767843246459961e-05,0.0,0.5064021348953247,0.533850371837616,0.6931239366531372
exp_1_default_parity_singletask,F/L_class,1,3,200.25,0.6932260990142822,0.6940224369366964,0.557894766330719,0.0013264417648315,0.5922330021858215,0.5110782384872437,0.5424931049346924,0.691983699798584
exp_1_default_parity_singletask,F/L_class,1,4,256.14285714285717,0.6921346783638,0.6922330021858215,0.5315789580345154,0.0031880140304565,0.3597122430801391,0.5342558026313782,0.5567867159843445,0.6907506585121155
exp_1_default_parity_singletask,F/L_class,1,5,310.25,0.6885179877281189,0.6906617184480032,0.5684210658073425,0.0242934823036193,0.563829779624939,0.6081234812736511,0.5848199129104614,0.6784275770187378
exp_1_default_parity_singletask,F/L_class,1,6,366.14285714285717,0.6795506477355957,0.6950556397438049,0.5368421077728271,0.0344049930572509,0.4634146392345428,0.614654541015625,0.5984487533569336,0.6698268055915833
exp_1_default_parity_singletask,F/L_class,1,7,420.25,0.6627960205078125,0.6604385475317637,0.5421052575111389,0.0294435024261474,0.5445026159286499,0.5696942210197449,0.5741828680038452,0.6885237693786621
exp_1_default_parity_singletask,F/L_class,1,8,476.14285714285717,0.6382260918617249,0.6604753971099854,0.6105263233184814,0.067562460899353,0.593406617641449,0.60186368227005,0.622049868106842,0.6762542724609375
exp_1_default_parity_singletask,F/L_class,1,9,530.25,0.6205756068229675,0.5987497270107269,0.6263157725334167,0.0908219218254089,0.6203208565711975,0.643488347530365,0.6626038551330566,0.6607165932655334
exp_1_default_parity_singletask,F/L_class,1,10,586.1428571428571,0.5975419878959656,0.6141844391822815,0.6631578803062439,0.1174548268318176,0.6483516693115234,0.6452645063400269,0.6862049698829651,0.6517361402511597
exp_1_default_parity_singletask,F/L_class,1,11,640.25,0.5757599472999573,0.5828002989292145,0.6736842393875122,0.1328597664833068,0.7019230723381042,0.6587616205215454,0.6867589950561523,0.6563708186149597
exp_1_default_parity_singletask,F/L_class,1,12,696.1428571428571,0.5693509578704834,0.5650358080863953,0.6473684310913086,0.1759381294250488,0.637837827205658,0.6864728927612305,0.7232133150100708,0.6410882472991943
exp_1_default_parity_singletask,F/L_class,1,13,750.25,0.5518736839294434,0.571461151043574,0.7052631378173828,0.1742412447929382,0.7083333134651184,0.691359281539917,0.7258725762367249,0.6305393576622009
exp_1_default_parity_singletask,F/L_class,1,14,806.1428571428571,0.5366926193237305,0.5395748138427734,0.6947368383407593,0.1860991716384887,0.6813187003135681,0.6990242004394531,0.7348476648330688,0.6280942559242249
exp_1_default_parity_singletask,F/L_class,1,15,860.25,0.5250893831253052,0.562676360209783,0.7157894968986511,0.2154194116592407,0.7157894968986511,0.7281966805458069,0.7594460248947144,0.6020573377609253
exp_1_default_parity_singletask,F/L_class,1,16,916.1428571428571,0.5179875493049622,0.5715741276741028,0.7210526466369629,0.2337327003479004,0.7253885865211487,0.746006965637207,0.7738504409790039,0.5897685885429382
exp_1_default_parity_singletask,F/L_class,1,17,970.25,0.503463625907898,0.531629890203476,0.6894736886024475,0.2375639677047729,0.6703910827636719,0.7161158323287964,0.7432687282562256,0.6316889524459839
exp_1_default_parity_singletask,F/L_class,1,18,1026.142857142857,0.4931433200836181,0.5044363796710968,0.7052631378173828,0.221909761428833,0.7083333134651184,0.7319012880325317,0.7423822283744812,0.6252507567405701
exp_1_default_parity_singletask,F/L_class,1,19,1080.25,0.4909641146659851,0.49766868849595386,0.7105262875556946,0.2677547931671142,0.7120419144630432,0.7399883270263672,0.7649861574172974,0.6096265316009521
exp_1_default_parity_singletask,F/L_class,1,20,1136.142857142857,0.4857449531555176,0.459444659948349,0.7157894968986511,0.2952778339385986,0.7127659320831299,0.7427830100059509,0.7652077674865723,0.6208264231681824
exp_1_default_parity_singletask,F/L_class,1,21,1190.25,0.4757184982299804,0.4831353823343913,0.7263157963752747,0.263708233833313,0.6976743936538696,0.7370502948760986,0.7703046798706055,0.6339274644851685
exp_1_default_parity_singletask,F/L_class,1,22,1246.142857142857,0.4738898575305938,0.43679422736167905,0.6947368383407593,0.2622313499450683,0.6777777671813965,0.7648091316223145,0.780387818813324,0.5742137432098389
exp_1_default_parity_singletask,F/L_class,1,23,1300.25,0.4550579190254211,0.44949203729629517,0.7368420958518982,0.2889612913131714,0.72826087474823,0.7739742994308472,0.7933517694473267,0.5701765418052673
exp_1_default_parity_singletask,F/L_class,1,24,1356.142857142857,0.4469653367996216,0.4240949034690857,0.6842105388641357,0.2754281163215637,0.6703296899795532,0.7576166391372681,0.7679778337478638,0.6053258180618286
exp_1_default_parity_singletask,F/L_class,1,25,1410.25,0.4390453100204468,0.4259251207113266,0.7105262875556946,0.3185665607452392,0.7089946866035461,0.7829198837280273,0.7874792814254761,0.6006636023521423
exp_1_default_parity_singletask,F/L_class,1,26,1466.142857142857,0.4317949414253235,0.415848171710968,0.7210526466369629,0.3277043104171753,0.7103825211524963,0.8046107888221741,0.8097507357597351,0.5468502044677734
exp_1_default_parity_singletask,F/L_class,1,27,1520.25,0.4243120849132538,0.4220709304014841,0.7210526466369629,0.2941421270370483,0.7103825211524963,0.7867164611816406,0.7906925082206726,0.561606228351593
exp_1_default_parity_singletask,F/L_class,1,28,1576.142857142857,0.4171023964881897,0.48309585452079773,0.7157894968986511,0.2973959445953369,0.7032967209815979,0.7928720712661743,0.7912465333938599,0.5553361773490906
exp_1_default_parity_singletask,F/L_class,1,29,1630.25,0.4112133979797363,0.41237899164358777,0.7210526466369629,0.3330398201942444,0.7039105892181396,0.7943700551986694,0.8006647825241089,0.5672184824943542
exp_1_default_parity_singletask,F/L_class,1,30,1686.142857142857,0.4016231596469879,0.3692403495311737,0.7105262875556946,0.3383724093437195,0.6994535326957703,0.7993231415748596,0.7967866659164429,0.5684645771980286
exp_1_default_parity_singletask,F/L_class,1,31,1740.25,0.3986859321594238,0.381976954638958,0.7157894968986511,0.3495487570762634,0.7157894968986511,0.806343674659729,0.802105188369751,0.5759401917457581
exp_1_default_parity_singletask,F/L_class,1,32,1796.142857142857,0.3926565945148468,0.37894692420959475,0.699999988079071,0.354323148727417,0.7076923251152039,0.8191851377487183,0.8103047609329224,0.5395674705505371
exp_1_default_parity_singletask,F/L_class,1,33,1850.25,0.3866159915924072,0.39237340291341144,0.6894736886024475,0.3594684600830078,0.6878306865692139,0.8084248304367065,0.8007755875587463,0.5540035963058472
exp_1_default_parity_singletask,F/L_class,1,34,1906.142857142857,0.3783766329288482,0.384252667427063,0.7052631378173828,0.3777490854263305,0.6888889074325562,0.7990900874137878,0.8063157796859741,0.5842338800430298
exp_1_default_parity_singletask,F/L_class,1,35,1960.25,0.3672156035900116,0.41214588781197864,0.699999988079071,0.3279457688331604,0.713567852973938,0.8109660148620605,0.8055402040481567,0.5557160973548889
exp_1_default_parity_singletask,F/L_class,1,36,2016.142857142857,0.3777567148208618,0.38456144332885744,0.6894736886024475,0.3512042760848999,0.700507640838623,0.8028685450553894,0.7985595464706421,0.5665063261985779
exp_1_default_parity_singletask,F/L_class,1,37,2070.25,0.3630044460296631,0.34862349430720013,0.6842105388641357,0.3686056733131408,0.6938775777816772,0.8075859546661377,0.798227071762085,0.6000040769577026
exp_1_default_parity_singletask,F/L_class,1,38,2126.1428571428573,0.3523740768432617,0.3305796146392822,0.678947389125824,0.3785967826843261,0.6839378476142883,0.8122173547744751,0.8103046417236328,0.5561132431030273
exp_1_default_parity_singletask,F/L_class,1,39,2180.25,0.3453565239906311,0.3450045982996622,0.6736842393875122,0.3883329629898071,0.6736842393875122,0.8054277896881104,0.802659273147583,0.5874539613723755
exp_1_default_parity_singletask,F/L_class,1,40,2236.1428571428573,0.3471560776233673,0.33311437368392943,0.6736842393875122,0.3754370808601379,0.6736842393875122,0.8034535646438599,0.8033241033554077,0.5779761075973511
exp_1_default_parity_singletask,F/L_class,1,41,2290.25,0.3415444195270538,0.3090520501136779,0.6947368383407593,0.3784795999526977,0.7010309100151062,0.8046261072158813,0.8031024932861328,0.5892380475997925
exp_1_default_parity_singletask,F/L_class,1,42,2346.1428571428573,0.3363706171512604,0.35809363126754756,0.678947389125824,0.3913609981536865,0.6934673190116882,0.8067440390586853,0.8027700185775757,0.6104798316955566
exp_1_default_parity_singletask,F/L_class,2,0,36.142857142857146,0.6936200261116028,0.6917998433113098,0.5052631497383118,1.3768672943115234e-05,0.6518518328666687,0.4977547228336334,0.504819929599762,0.6931379437446594
exp_1_default_parity_singletask,F/L_class,2,1,90.25,0.6936813592910767,0.6939665377140045,0.5,1.8775463104248047e-05,0.6666666865348816,0.5060167908668518,0.5067036151885986,0.6932042241096497
exp_1_default_parity_singletask,F/L_class,2,2,146.14285714285714,0.6934699416160583,0.6936645150184632,0.5,8.797645568847656e-05,0.0,0.4927513897418976,0.511357307434082,0.6931567788124084
exp_1_default_parity_singletask,F/L_class,2,3,200.25,0.6922873258590698,0.6928234795729319,0.4947368502616882,0.0009465813636779,0.5675675868988037,0.5329011678695679,0.504819929599762,0.695274293422699
exp_1_default_parity_singletask,F/L_class,2,4,256.14285714285717,0.6856553554534912,0.6868391752243042,0.4947368502616882,0.0050184726715087,0.2380952388048172,0.5177412033081055,0.5112465620040894,0.6920605897903442
exp_1_default_parity_singletask,F/L_class,2,5,310.25,0.6793845891952515,0.6667563021183014,0.5105262994766235,0.0194157361984252,0.4861878454685211,0.5300893783569336,0.5129085779190063,0.7111611366271973
exp_1_default_parity_singletask,F/L_class,2,6,366.14285714285717,0.6671323180198669,0.6730647802352905,0.5526315569877625,0.022983968257904,0.5454545617103577,0.556435227394104,0.5342936515808105,0.6847761273384094
exp_1_default_parity_singletask,F/L_class,2,7,420.25,0.6538844704627991,0.6586511532465616,0.5315789580345154,0.0225505828857421,0.3862068951129913,0.5552178621292114,0.5227700471878052,0.6834813952445984
exp_1_default_parity_singletask,F/L_class,2,8,476.14285714285717,0.6363323330879211,0.6312269687652587,0.5473684072494507,0.0272449851036071,0.4756097495555877,0.5599648356437683,0.5483656525611877,0.6868343949317932
exp_1_default_parity_singletask,F/L_class,2,9,530.25,0.6177211403846741,0.6201355357964834,0.6105263233184814,0.0688305497169494,0.602150559425354,0.6082867383956909,0.6089750528335571,0.6831145286560059
exp_1_default_parity_singletask,F/L_class,2,10,586.1428571428571,0.6075097322463989,0.6227862954139709,0.5631579160690308,0.0727080106735229,0.6066350936889648,0.6062734723091125,0.6129640340805054,0.6880248785018921
exp_1_default_parity_singletask,F/L_class,2,11,640.25,0.5911872386932373,0.6394244829813639,0.5894736647605896,0.108006477355957,0.6285714507102966,0.6592181921005249,0.6489750146865845,0.6597811579704285
exp_1_default_parity_singletask,F/L_class,2,12,696.1428571428571,0.5770509839057922,0.5930290699005127,0.6000000238418579,0.1150715947151184,0.6200000047683716,0.6580270528793335,0.6526315808296204,0.6665241718292236
exp_1_default_parity_singletask,F/L_class,2,13,750.25,0.5650493502616882,0.5274943709373474,0.6000000238418579,0.1350741982460022,0.6000000238418579,0.668311595916748,0.6651523113250732,0.6585937738418579
exp_1_default_parity_singletask,F/L_class,2,14,806.1428571428571,0.5456002950668335,0.5617980360984802,0.6894736886024475,0.1646524667739868,0.6740331649780273,0.6869446039199829,0.6996121406555176,0.6411992907524109
exp_1_default_parity_singletask,F/L_class,2,15,860.25,0.5366238951683044,0.535259539882342,0.621052622795105,0.141710877418518,0.6129032373428345,0.6628347635269165,0.6756786704063416,0.6585111021995544
exp_1_default_parity_singletask,F/L_class,2,16,916.1428571428571,0.5303731560707092,0.5252838611602784,0.6368421316146851,0.1702562570571899,0.6229507923126221,0.7022929191589355,0.6894182562828064,0.6591427326202393
exp_1_default_parity_singletask,F/L_class,2,17,970.25,0.520316481590271,0.47902662058671314,0.621052622795105,0.1579537391662597,0.5909090638160706,0.6982749700546265,0.6878670454025269,0.643583357334137
exp_1_default_parity_singletask,F/L_class,2,18,1026.142857142857,0.5089999437332153,0.5047346651554108,0.6578947305679321,0.1851152181625366,0.6524063944816589,0.7035887241363525,0.6981717348098755,0.656322717666626
exp_1_default_parity_singletask,F/L_class,2,19,1080.25,0.4983117878437042,0.5368646383285522,0.6736842393875122,0.2050645351409912,0.6836734414100647,0.7251038551330566,0.7196675539016724,0.6276830434799194
exp_1_default_parity_singletask,F/L_class,2,20,1136.142857142857,0.4941358864307403,0.4628752887248993,0.6105263233184814,0.1721671819686889,0.5747126340866089,0.7182916402816772,0.6982825398445129,0.6353746652603149
exp_1_default_parity_singletask,F/L_class,2,21,1190.25,0.4901993870735168,0.48693837722142536,0.6736842393875122,0.197120189666748,0.6630434989929199,0.7318156957626343,0.7155678272247314,0.6222665309906006
exp_1_default_parity_singletask,F/L_class,2,22,1246.142857142857,0.4861199855804443,0.49755834341049193,0.6631578803062439,0.2058826684951782,0.6363636255264282,0.7355323433876038,0.7258725762367249,0.6260981559753418
exp_1_default_parity_singletask,F/L_class,2,23,1300.25,0.4789267480373382,0.4627458651860555,0.6736842393875122,0.2214645147323608,0.6770833134651184,0.7370878458023071,0.7246537208557129,0.6364972591400146
exp_1_default_parity_singletask,F/L_class,2,24,1356.142857142857,0.469667911529541,0.477515709400177,0.6578947305679321,0.2199534177780151,0.6285714507102966,0.7383458614349365,0.7379500865936279,0.6115911602973938
exp_1_default_parity_singletask,F/L_class,2,25,1410.25,0.4680481553077698,0.4528927703698476,0.6631578803062439,0.2167139649391174,0.7009345889091492,0.734108567237854,0.7342935800552368,0.6305663585662842
exp_1_default_parity_singletask,F/L_class,2,26,1466.142857142857,0.4627223610877991,0.4370632112026215,0.6842105388641357,0.2422472238540649,0.6938775777816772,0.750139057636261,0.7527977228164673,0.608265221118927
exp_1_default_parity_singletask,F/L_class,2,27,1520.25,0.45109823346138,0.46194279690583545,0.6947368383407593,0.2460492849349975,0.6881720423698425,0.7498951554298401,0.750138521194458,0.6070600748062134
exp_1_default_parity_singletask,F/L_class,2,28,1576.142857142857,0.4508614838123321,0.4553287386894226,0.678947389125824,0.2270371913909912,0.6737967729568481,0.7443070411682129,0.7431578636169434,0.6058446168899536
exp_1_default_parity_singletask,F/L_class,2,29,1630.25,0.4425201117992401,0.4225710978110631,0.7105262875556946,0.2408537864685058,0.7179487347602844,0.7607002258300781,0.7597783803939819,0.5846068263053894
exp_1_default_parity_singletask,F/L_class,2,30,1686.142857142857,0.4336435794830322,0.4584302186965942,0.6684210300445557,0.2541640996932983,0.6358381509780884,0.762850821018219,0.756897509098053,0.6035858392715454
exp_1_default_parity_singletask,F/L_class,2,31,1740.25,0.4267475008964538,0.4505729575951894,0.678947389125824,0.2306064367294311,0.6903553009033203,0.7574666738510132,0.7577838897705078,0.5922680497169495
exp_1_default_parity_singletask,F/L_class,2,32,1796.142857142857,0.4216983616352081,0.3953188359737396,0.678947389125824,0.2706144452095032,0.6629834175109863,0.7703964114189148,0.7782825231552124,0.5807027816772461
exp_1_default_parity_singletask,F/L_class,2,33,1850.25,0.4205796122550964,0.4483341872692108,0.7052631378173828,0.2758271694183349,0.7021276354789734,0.76564621925354,0.7640997171401978,0.608190655708313
exp_1_default_parity_singletask,F/L_class,2,34,1906.142857142857,0.4079506993293762,0.38117203712463377,0.6736842393875122,0.2712081670761108,0.6736842393875122,0.7566943168640137,0.7532410025596619,0.6241945624351501
exp_1_default_parity_singletask,F/L_class,2,35,1960.25,0.4019474387168884,0.3895821173985799,0.699999988079071,0.2703192830085754,0.7046632170677185,0.768328070640564,0.7703047394752502,0.5910536646842957
exp_1_default_parity_singletask,F/L_class,2,36,2016.142857142857,0.3942993283271789,0.41159906387329104,0.6578947305679321,0.2721847295761108,0.6524063944816589,0.7449051141738892,0.7490304708480835,0.6467280983924866
exp_1_default_parity_singletask,F/L_class,2,37,2070.25,0.3954169750213623,0.33151269207398093,0.6631578803062439,0.2657497525215149,0.6483516693115234,0.7590469121932983,0.7633240818977356,0.6040411591529846
exp_1_default_parity_singletask,F/L_class,2,38,2126.1428571428573,0.3832897245883941,0.362363451719284,0.6578947305679321,0.2819163799285888,0.6327683329582214,0.7586119771003723,0.7542382478713989,0.6498232483863831
exp_1_default_parity_singletask,F/L_class,2,39,2180.25,0.3813144266605377,0.38269734879334766,0.699999988079071,0.2936004400253296,0.6951871514320374,0.7824698090553284,0.7816066741943359,0.5938737392425537
exp_1_default_parity_singletask,F/L_class,2,40,2236.1428571428573,0.3744227886199951,0.375865626335144,0.6631578803062439,0.2748812437057495,0.6363636255264282,0.757571816444397,0.763434886932373,0.6134315729141235
exp_1_default_parity_singletask,F/L_class,2,41,2290.25,0.37078458070755,0.37233003973960876,0.6736842393875122,0.2932591438293457,0.6593406796455383,0.7655453681945801,0.7662050127983093,0.6353834271430969
exp_1_default_parity_singletask,F/L_class,2,42,2346.1428571428573,0.3705979287624359,0.36382077932357787,0.6736842393875122,0.3020901679992676,0.6477272510528564,0.7732228636741638,0.7756233215332031,0.6244155168533325
exp_1_default_parity_singletask,F/L_class,3,0,36.142857142857146,0.6934937834739685,0.6917073488235473,0.5,5.728006362915039e-05,0.0,0.5228820443153381,0.5119113922119141,0.693926990032196
exp_1_default_parity_singletask,F/L_class,3,1,90.25,0.6937893033027649,0.6907411714394888,0.5,5.364418029785156e-06,0.0,0.5059038400650024,0.5103046894073486,0.6937888860702515
exp_1_default_parity_singletask,F/L_class,3,2,146.14285714285714,0.693916916847229,0.6941947221755982,0.5,1.9431114196777344e-05,0.0,0.526254415512085,0.5048753023147583,0.6931682229042053
exp_1_default_parity_singletask,F/L_class,3,3,200.25,0.6933767199516296,0.6979661186536154,0.5,0.0001422762870788,0.6666666865348816,0.5161268711090088,0.5032687187194824,0.6942080855369568
exp_1_default_parity_singletask,F/L_class,3,4,256.14285714285717,0.693268895149231,0.6928740978240967,0.5,0.0001298785209655,0.0,0.542858898639679,0.5280886292457581,0.6931681632995605
exp_1_default_parity_singletask,F/L_class,3,5,310.25,0.6932303309440613,0.6943476299444834,0.5,-5.602836608886719e-05,0.6594982147216797,0.4736984372138977,0.4815512597560882,0.6932141780853271
exp_1_default_parity_singletask,F/L_class,3,6,366.14285714285717,0.6935437917709351,0.6926721215248108,0.5,9.709596633911131e-05,0.6666666865348816,0.5303846001625061,0.5295290946960449,0.6931133270263672
exp_1_default_parity_singletask,F/L_class,3,7,420.25,0.6927467584609985,0.6921740174293518,0.5736842155456543,0.0011760592460632,0.4968944191932678,0.5410056114196777,0.5545706748962402,0.6922008991241455
exp_1_default_parity_singletask,F/L_class,3,8,476.14285714285717,0.6901608109474182,0.6902009844779968,0.5368421077728271,0.0047476887702941,0.4761904776096344,0.5780389308929443,0.5694182515144348,0.6893813014030457
exp_1_default_parity_singletask,F/L_class,3,9,530.25,0.6833052039146423,0.6757978200912476,0.5210526585578918,0.01863694190979,0.4203821718692779,0.5838761329650879,0.5567867159843445,0.6816838383674622
exp_1_default_parity_singletask,F/L_class,3,10,586.1428571428571,0.6735745072364807,0.6696700811386108,0.5789473652839661,0.0355018377304077,0.4594594538211822,0.6023676991462708,0.5861495733261108,0.6748450994491577
exp_1_default_parity_singletask,F/L_class,3,11,640.25,0.6550215482711792,0.6485993067423502,0.5789473652839661,0.051028549671173,0.540229856967926,0.6201915740966797,0.6290304660797119,0.6650559306144714
exp_1_default_parity_singletask,F/L_class,3,12,696.1428571428571,0.6325947642326355,0.6242979526519775,0.5789473652839661,0.0626867413520813,0.5348837375640869,0.6125819683074951,0.6151800155639648,0.6751683354377747
exp_1_default_parity_singletask,F/L_class,3,13,750.25,0.609320342540741,0.6083117425441742,0.5947368144989014,0.0959656834602356,0.5333333611488342,0.6441318988800049,0.6449861526489258,0.6800884008407593
exp_1_default_parity_singletask,F/L_class,3,14,806.1428571428571,0.5973391532897949,0.6441339135169983,0.6368421316146851,0.0947908163070678,0.6229507923126221,0.6456565856933594,0.6603877544403076,0.658916175365448
exp_1_default_parity_singletask,F/L_class,3,15,860.25,0.5814619660377502,0.5748676160971323,0.6736842393875122,0.1210574507713317,0.6630434989929199,0.6463896036148071,0.6740165948867798,0.6735337376594543
exp_1_default_parity_singletask,F/L_class,3,16,916.1428571428571,0.5636353492736816,0.5909670948982239,0.6315789222717285,0.1221072077751159,0.6428571343421936,0.6523585319519043,0.669695258140564,0.6685096621513367
exp_1_default_parity_singletask,F/L_class,3,17,970.25,0.5548257231712341,0.5349179158608118,0.621052622795105,0.102853238582611,0.5764706134796143,0.6063705086708069,0.6347922086715698,0.7238588929176331
exp_1_default_parity_singletask,F/L_class,3,18,1026.142857142857,0.5455998778343201,0.5162778675556183,0.6368421316146851,0.1402074098587036,0.6424870491027832,0.6246718168258667,0.6642659306526184,0.6989116668701172
exp_1_default_parity_singletask,F/L_class,3,19,1080.25,0.5347616076469421,0.5466009626785914,0.6421052813529968,0.1606563329696655,0.6530612111091614,0.6346120834350586,0.6797783374786377,0.7139984965324402
exp_1_default_parity_singletask,F/L_class,3,20,1136.142857142857,0.5249290466308594,0.5060624718666077,0.678947389125824,0.148125410079956,0.6871795058250427,0.6419225335121155,0.6911910772323608,0.6893930435180664
exp_1_default_parity_singletask,F/L_class,3,21,1190.25,0.5205627083778381,0.5643591731786728,0.6578947305679321,0.1410379409790039,0.6368715167045593,0.6266589164733887,0.6737949848175049,0.6929636001586914
exp_1_default_parity_singletask,F/L_class,3,22,1246.142857142857,0.5120607614517212,0.5029036223888397,0.6473684310913086,0.1726354360580444,0.6417112350463867,0.6403192281723022,0.6846537590026855,0.710117518901825
exp_1_default_parity_singletask,F/L_class,3,23,1300.25,0.4983667433261871,0.5337361693382263,0.6631578803062439,0.1764054298400879,0.6767676472663879,0.6379361748695374,0.6839889287948608,0.7338732481002808
exp_1_default_parity_singletask,F/L_class,3,24,1356.142857142857,0.4970706403255462,0.47112905979156494,0.6736842393875122,0.1875589489936828,0.6836734414100647,0.6467068195343018,0.6921883821487427,0.7373974323272705
exp_1_default_parity_singletask,F/L_class,4,0,36.142857142857146,0.6943082213401794,0.6922636866569519,0.5,1.4424324035644531e-05,0.6666666865348816,0.5107831358909607,0.5075900554656982,0.6935617327690125
exp_1_default_parity_singletask,F/L_class,4,1,90.25,0.6939487457275391,0.695410152276357,0.5,1.6570091247558594e-05,0.0,0.5117173194885254,0.5157895088195801,0.6931608319282532
exp_1_default_parity_singletask,F/L_class,4,2,146.14285714285714,0.693263828754425,0.6941433072090148,0.5,8.624792098999023e-05,0.6666666865348816,0.5445762276649475,0.5481440424919128,0.6931471824645996
exp_1_default_parity_singletask,F/L_class,4,3,200.25,0.6932670474052429,0.693963497877121,0.5,0.000404417514801,0.0206185560673475,0.5375978946685791,0.5459279417991638,0.6927911043167114
exp_1_default_parity_singletask,F/L_class,4,4,256.14285714285717,0.6921950578689575,0.6949334144592285,0.5105262994766235,0.0024802088737487,0.6568265557289124,0.5498059988021851,0.5349584221839905,0.6922552585601807
exp_1_default_parity_singletask,F/L_class,4,5,310.25,0.6885120868682861,0.6834149062633514,0.5263158082962036,0.0135514140129089,0.5054945349693298,0.5708266496658325,0.5765097141265869,0.6845548748970032
exp_1_default_parity_singletask,F/L_class,4,6,366.14285714285717,0.6772106289863586,0.6748520970344544,0.5421052575111389,0.0492583513259887,0.5583756566047668,0.6062726378440857,0.5980055332183838,0.6812466979026794
exp_1_default_parity_singletask,F/L_class,4,7,420.25,0.6595569849014282,0.642363429069519,0.5736842155456543,0.0489082336425781,0.4563758373260498,0.6007895469665527,0.6027700901031494,0.6755297183990479
exp_1_default_parity_singletask,F/L_class,4,8,476.14285714285717,0.640147864818573,0.651642107963562,0.6157894730567932,0.0870623588562011,0.6294416189193726,0.6404030323028564,0.6525207757949829,0.6741844415664673
exp_1_default_parity_singletask,F/L_class,4,9,530.25,0.6239557862281799,0.6221486230691274,0.6421052813529968,0.0925654172897338,0.6880733966827393,0.6553717255592346,0.6755678653717041,0.655109703540802
exp_1_default_parity_singletask,F/L_class,4,10,586.1428571428571,0.6009652614593506,0.5718863248825073,0.621052622795105,0.1336750388145446,0.6697247624397278,0.6845242977142334,0.6897506713867188,0.6411828398704529
exp_1_default_parity_singletask,F/L_class,4,11,640.25,0.584747314453125,0.591637521982193,0.6421052813529968,0.1414915919303894,0.7017543911933899,0.6760693788528442,0.6913019418716431,0.6516280770301819
exp_1_default_parity_singletask,F/L_class,4,12,696.1428571428571,0.5624322891235352,0.5745885491371154,0.6263157725334167,0.1534987688064575,0.7029288411140442,0.6844291687011719,0.7180055379867554,0.649255096912384
exp_1_default_parity_singletask,F/L_class,4,13,750.25,0.5533589124679565,0.5447043081124624,0.6263157725334167,0.1558570265769958,0.681614339351654,0.6938869953155518,0.7103601098060608,0.6357096433639526
exp_1_default_parity_singletask,F/L_class,4,14,806.1428571428571,0.5401149392127991,0.5203222930431366,0.6526315808296204,0.1807560324668884,0.6632652878761292,0.6742880344390869,0.7045983076095581,0.6489895582199097
exp_1_default_parity_singletask,F/L_class,4,15,860.25,0.5339803099632263,0.5653885702292124,0.6421052813529968,0.1857181191444397,0.6421052813529968,0.6796008348464966,0.6975069046020508,0.6720845103263855
exp_1_default_parity_singletask,F/L_class,4,16,916.1428571428571,0.5246033668518066,0.5139876782894135,0.6263157725334167,0.1919392347335815,0.5847952961921692,0.6851018667221069,0.6968420743942261,0.6910769939422607
exp_1_default_parity_singletask,F/L_class,4,17,970.25,0.5160089731216431,0.5082771132389704,0.6842105388641357,0.1886658072471618,0.7029703259468079,0.6659030318260193,0.710914134979248,0.6580126285552979
exp_1_default_parity_singletask,F/L_class,4,18,1026.142857142857,0.5052993893623352,0.5104531645774841,0.6684210300445557,0.1968530416488647,0.6926829218864441,0.6748685836791992,0.7140166759490967,0.6555918455123901
exp_1_default_parity_singletask,F/L_class,4,19,1080.25,0.4988120794296264,0.4606703718503316,0.6736842393875122,0.2166212201118469,0.6770833134651184,0.706024169921875,0.7202215790748596,0.6746988296508789
exp_1_default_parity_singletask,F/L_class,4,20,1136.142857142857,0.4839630424976349,0.46485465168952944,0.6578947305679321,0.190085768699646,0.6859903335571289,0.660887598991394,0.7006094455718994,0.6942766904830933
exp_1_default_parity_singletask,F/L_class,4,21,1190.25,0.473067045211792,0.5142011195421219,0.6578947305679321,0.2175830602645874,0.6733668446540833,0.6771419048309326,0.7006094455718994,0.7388746738433838
exp_1_default_parity_singletask,F/L_class,4,22,1246.142857142857,0.4676166772842407,0.5404351949691772,0.6631578803062439,0.2175782918930053,0.6521739363670349,0.691370964050293,0.7162326574325562,0.6940704584121704
exp_1_default_parity_singletask,F/L_class,4,23,1300.25,0.4540756344795227,0.47517584760983783,0.6842105388641357,0.2329487204551696,0.7029703259468079,0.7085598707199097,0.724432110786438,0.69538813829422
exp_1_default_parity_multitask,all_targets,0,0,36.142857142857146,0.6932884454727173,0.6932565569877625,0.5,0.002126932144165,0.5714285969734192,0.5765340328216553,0.5334503054618835,0.6914644837379456
exp_1_default_parity_multitask,all_targets,0,1,90.25,0.6672636270523071,0.6596871813138326,0.5719298124313354,0.1133748292922973,0.6432748436927795,0.6861092448234558,0.6559926271438599,0.6463941335678101
exp_1_default_parity_multitask,all_targets,0,2,146.14285714285714,0.5935864448547363,0.6168291449546814,0.5947368144989014,0.1993609070777893,0.663755476474762,0.715659499168396,0.6817975044250488,0.560964822769165
exp_1_default_parity_multitask,all_targets,0,3,200.25,0.5529346466064453,0.5510360300540924,0.6105263233184814,0.2131227850914001,0.5559999942779541,0.7207047939300537,0.6867589950561523,0.5531802773475647
exp_1_default_parity_multitask,all_targets,0,4,256.14285714285717,0.5391095876693726,0.5467458486557006,0.6508771777153015,0.231661856174469,0.6971080899238586,0.7689268589019775,0.7490304708480835,0.535944938659668
exp_1_default_parity_multitask,all_targets,0,5,310.25,0.5319757461547852,0.5261978010336558,0.640350878238678,0.2442854642868042,0.6600331664085388,0.747399091720581,0.7246783971786499,0.5534354448318481
exp_1_default_parity_multitask,all_targets,0,6,366.14285714285717,0.5251973867416382,0.5227283477783203,0.640350878238678,0.2570251226425171,0.6519524455070496,0.7784894704818726,0.7573407292366028,0.5212299227714539
exp_1_default_parity_multitask,all_targets,0,7,420.25,0.5105485916137695,0.49080033600330353,0.6649122834205627,0.2815823554992676,0.6689774990081787,0.7942134737968445,0.774447500705719,0.5173596739768982
exp_1_default_parity_multitask,all_targets,0,8,476.14285714285717,0.5003932118415833,0.49504536390304565,0.7175438404083252,0.3119556903839111,0.7024029493331909,0.8386614322662354,0.8278732299804688,0.482134997844696
exp_1_default_parity_multitask,all_targets,0,9,530.25,0.4888577461242676,0.48670508960882825,0.7157894968986511,0.2994204759597778,0.7043795585632324,0.8182981014251709,0.8063773512840271,0.4972451627254486
exp_1_default_parity_multitask,all_targets,0,10,586.1428571428571,0.4748863577842712,0.4599050521850586,0.7140350937843323,0.3410240411758423,0.6859344840049744,0.8442070484161377,0.8326253890991211,0.4751085638999939
exp_1_default_parity_multitask,all_targets,0,11,640.25,0.4688108265399933,0.46070513129234314,0.7368420958518982,0.3496748208999634,0.7572815418243408,0.8508090972900391,0.8433117270469666,0.4678846001625061
exp_1_default_parity_multitask,all_targets,0,12,696.1428571428571,0.4574336111545563,0.47166773676872253,0.74210524559021,0.3580375909805298,0.7434554696083069,0.85040283203125,0.8397537469863892,0.4642476439476013
exp_1_default_parity_multitask,all_targets,0,13,750.25,0.451547622680664,0.4604094574848811,0.7473683953285217,0.379256010055542,0.7352941036224365,0.8582385778427124,0.8487535119056702,0.4516963362693786
exp_1_default_parity_multitask,all_targets,0,14,806.1428571428571,0.4500228762626648,0.47356770038604734,0.7473683953285217,0.3969714641571045,0.7455830574035645,0.8572770357131958,0.851203441619873,0.4565640091896057
exp_1_default_parity_multitask,all_targets,0,15,860.25,0.4338026642799377,0.4149464915196101,0.761403501033783,0.3910377025604248,0.7655172348022461,0.8593264818191528,0.8536657691001892,0.4507614970207214
exp_1_default_parity_multitask,all_targets,0,16,916.1428571428571,0.4249557554721832,0.423831582069397,0.7508772015571594,0.3904198408126831,0.7482269406318665,0.8625458478927612,0.8540966510772705,0.4487789571285248
exp_1_default_parity_multitask,all_targets,0,17,970.25,0.4220563471317291,0.4257708936929703,0.7754386067390442,0.4085060358047485,0.7770034670829773,0.8743252754211426,0.8667035698890686,0.436615914106369
exp_1_default_parity_multitask,all_targets,0,18,1026.142857142857,0.4076980352401733,0.39987825751304623,0.7754386067390442,0.3916010856628418,0.7800687551498413,0.8575791120529175,0.8524715304374695,0.4628347158432007
exp_1_default_parity_multitask,all_targets,0,19,1080.25,0.4078436195850372,0.4232322573661804,0.7526316046714783,0.3902950286865234,0.7581475377082825,0.8456885814666748,0.8405417203903198,0.4856012761592865
exp_1_default_parity_multitask,all_targets,0,20,1136.142857142857,0.4087992310523987,0.3958598911762238,0.761403501033783,0.4289920330047607,0.7597172856330872,0.8728352785110474,0.8641427755355835,0.4447611272335052
exp_1_default_parity_multitask,all_targets,0,21,1190.25,0.3957414627075195,0.40344107647736865,0.761403501033783,0.4181560277938843,0.7597172856330872,0.8666523694992065,0.8609663844108582,0.4497752487659454
exp_1_default_parity_multitask,all_targets,0,22,1246.142857142857,0.3953221142292022,0.4134965419769287,0.7596490979194641,0.4290574789047241,0.7757773995399475,0.8704637289047241,0.8665681481361389,0.4439151287078857
exp_1_default_parity_multitask,all_targets,0,23,1300.25,0.3851388394832611,0.3636411875486374,0.7754386067390442,0.4501786231994629,0.7730496525764465,0.8784527778625488,0.874829113483429,0.4305483698844909
exp_1_default_parity_multitask,all_targets,0,24,1356.142857142857,0.378919243812561,0.39489868879318235,0.7631579041481018,0.4424822330474853,0.7567567825317383,0.8762915134429932,0.8685134053230286,0.4401161670684814
exp_1_default_parity_multitask,all_targets,0,25,1410.25,0.3774795532226562,0.42012464503447217,0.7631579041481018,0.4492220878601074,0.7602131366729736,0.8752540349960327,0.8694983124732971,0.4459111392498016
exp_1_default_parity_multitask,all_targets,0,26,1466.142857142857,0.3722996115684509,0.348067569732666,0.7649123072624207,0.4601999521255493,0.7681660652160645,0.8791460990905762,0.8732656240463257,0.4403161108493805
exp_1_default_parity_multitask,all_targets,0,27,1520.25,0.3651529252529144,0.3727929890155792,0.7649123072624207,0.4490528106689453,0.7665505409240723,0.8732938766479492,0.8667159080505371,0.4514470100402832
exp_1_default_parity_multitask,all_targets,0,28,1576.142857142857,0.3594144284725189,0.3458682298660278,0.7824561595916748,0.4668588638305664,0.7862069010734558,0.8820714950561523,0.8779193162918091,0.4318098723888397
exp_1_default_parity_multitask,all_targets,0,29,1630.25,0.355469286441803,0.3505598107973735,0.761403501033783,0.4696232080459595,0.7571428418159485,0.8831158876419067,0.877106785774231,0.437557190656662
exp_1_default_parity_multitask,all_targets,0,30,1686.142857142857,0.3546827137470245,0.3766732633113861,0.7824561595916748,0.4838066101074219,0.7912458181381226,0.8884932994842529,0.8838412165641785,0.4329999387264251
exp_1_default_parity_multitask,all_targets,0,31,1740.25,0.3501583635807037,0.3387388636668523,0.7824561595916748,0.4806320667266845,0.7876712083816528,0.8878294229507446,0.8834595084190369,0.4276714026927948
exp_1_default_parity_multitask,all_targets,0,32,1796.142857142857,0.351692259311676,0.3347151219844818,0.7929824590682983,0.4822940826416015,0.7929824590682983,0.8876885175704956,0.8839273452758789,0.4280604422092438
exp_1_default_parity_multitask,all_targets,0,33,1850.25,0.3419801890850067,0.34064827859401703,0.7929824590682983,0.4889225959777832,0.7892857193946838,0.8908298015594482,0.8859711289405823,0.4279786348342895
exp_1_default_parity_multitask,all_targets,0,34,1906.142857142857,0.3382830619812011,0.31569844484329224,0.7736842036247253,0.4845921993255615,0.7692307829856873,0.8879456520080566,0.8831148147583008,0.4332663416862488
exp_1_default_parity_multitask,all_targets,0,35,1960.25,0.3397398293018341,0.34339648981889087,0.7824561595916748,0.4741336107254028,0.7785714268684387,0.883732795715332,0.8786088228225708,0.4385014176368713
exp_1_default_parity_multitask,all_targets,0,36,2016.142857142857,0.3367696106433868,0.35966876149177546,0.7894737124443054,0.4864298105239868,0.7902097702026367,0.8858528137207031,0.881514310836792,0.4406024515628814
exp_1_default_parity_multitask,all_targets,0,37,2070.25,0.3310625851154327,0.33921898901462555,0.7824561595916748,0.4949623346328735,0.7839721441268921,0.8870919942855835,0.8839027285575867,0.4372491538524627
exp_1_default_parity_multitask,all_targets,0,38,2126.1428571428573,0.3358019292354584,0.3229483664035797,0.7719298005104065,0.4922463893890381,0.7719298005104065,0.8880584239959717,0.8838657736778259,0.4365719854831695
exp_1_default_parity_multitask,all_targets,0,39,2180.25,0.328456699848175,0.3670613418022792,0.7947368621826172,0.4908173084259033,0.8006814122200012,0.892116904258728,0.8878424167633057,0.426361083984375
exp_1_default_parity_multitask,all_targets,0,40,2236.1428571428573,0.3230024576187134,0.34102638363838195,0.800000011920929,0.4972156286239624,0.7992957830429077,0.8898594379425049,0.886020302772522,0.4375843703746795
exp_1_default_parity_multitask,all_targets,0,41,2290.25,0.3196294605731964,0.3259216050306956,0.8017544150352478,0.5032786130905151,0.8048359155654907,0.8946127891540527,0.8910926580429077,0.4248401224613189
exp_1_default_parity_multitask,all_targets,0,42,2346.1428571428573,0.3204929828643799,0.2943754464387893,0.7964912056922913,0.5046209096908569,0.800000011920929,0.8916306495666504,0.8888273239135742,0.4321073293685913
exp_1_default_parity_multitask,all_targets,0,43,2400.25,0.3157806098461151,0.3087780177593231,0.7789473533630371,0.4948852062225342,0.7820069193840027,0.8860478401184082,0.8815881609916687,0.453296422958374
exp_1_default_parity_multitask,all_targets,0,44,2456.1428571428573,0.3153187036514282,0.3151442468166351,0.7982456088066101,0.5002583265304565,0.8034188151359558,0.8898464441299438,0.8868575096130371,0.4350208044052124
exp_1_default_parity_multitask,all_targets,0,45,2510.25,0.3134341537952423,0.318933164079984,0.7842105031013489,0.5020176768302917,0.7830687761306763,0.8909362554550171,0.8873252868652344,0.4345561861991882
exp_1_default_parity_multitask,all_targets,0,46,2566.1428571428573,0.3138086199760437,0.2906449794769287,0.8052631616592407,0.5108521580696106,0.8056042194366455,0.8974748849868774,0.8936781287193298,0.4202060401439667
exp_1_default_parity_multitask,all_targets,0,47,2620.25,0.3088972568511963,0.30599925915400183,0.7947368621826172,0.4961745738983154,0.7958115339279175,0.8853048086166382,0.8815265893936157,0.4558639228343963
exp_1_default_parity_multitask,all_targets,0,48,2676.1428571428573,0.3084133863449096,0.3145329177379608,0.7964912056922913,0.5082447528839111,0.801369845867157,0.890234112739563,0.8867098093032837,0.4467279016971588
exp_1_default_parity_multitask,all_targets,0,49,2730.25,0.3066348135471344,0.3181061471501986,0.8017544150352478,0.5112776160240173,0.7992895245552063,0.8947063684463501,0.8908094763755798,0.4323255121707916
exp_1_default_parity_multitask,all_targets,0,50,2786.1428571428573,0.3031466007232666,0.30488845705986023,0.7947368621826172,0.5074954628944397,0.7929203510284424,0.8926624059677124,0.8880886435508728,0.4383130967617035
exp_1_default_parity_multitask,all_targets,0,51,2840.25,0.3048406839370727,0.3191879789034525,0.7912280559539795,0.5070378184318542,0.7871198654174805,0.8927100896835327,0.888741135597229,0.4360556900501251
exp_1_default_parity_multitask,all_targets,0,52,2896.1428571428573,0.3006941378116607,0.305396968126297,0.7947368621826172,0.5099468231201172,0.7943760752677917,0.8912429809570312,0.8875592350959778,0.4418282508850097
exp_1_default_parity_multitask,all_targets,0,53,2950.25,0.2977903187274933,0.30547607938448584,0.8017544150352478,0.5146492123603821,0.8048359155654907,0.8931657075881958,0.8902677893638611,0.4355723857879638
exp_1_default_parity_multitask,all_targets,0,54,3006.1428571428573,0.2970478534698486,0.27037325501441956,0.7947368621826172,0.5075531005859375,0.7950963377952576,0.8893530368804932,0.8857986927032471,0.4487541913986206
exp_1_default_parity_multitask,all_targets,0,55,3060.25,0.2982275187969208,0.3269564161698023,0.7912280559539795,0.51437908411026,0.788632333278656,0.8915334939956665,0.8886672854423523,0.4464981853961944
exp_1_default_parity_multitask,all_targets,0,56,3116.1428571428573,0.2960708737373352,0.28242656588554377,0.8070175647735596,0.5134847164154053,0.8096885681152344,0.8927563428878784,0.8901323676109314,0.4389060139656067
exp_1_default_parity_multitask,all_targets,1,0,36.142857142857146,0.6926793456077576,0.6929953575134278,0.5017544031143188,0.006075382232666,0.6674473285675049,0.6034152507781982,0.5385410785675049,0.6879839897155762
exp_1_default_parity_multitask,all_targets,1,1,90.25,0.6440598368644714,0.6437865793704987,0.6192982196807861,0.1476293802261352,0.656101405620575,0.7222484350204468,0.6901077628135681,0.6229273676872253
exp_1_default_parity_multitask,all_targets,1,2,146.14285714285714,0.5838392376899719,0.5915585041046143,0.6824561357498169,0.2199767231941223,0.6726943850517273,0.7829349040985107,0.7551493048667908,0.5438848733901978
exp_1_default_parity_multitask,all_targets,1,3,200.25,0.5486863255500793,0.5475086867809296,0.6614035367965698,0.2309874296188354,0.6799336671829224,0.7786022424697876,0.7529824376106262,0.5318768620491028
exp_1_default_parity_multitask,all_targets,1,4,256.14285714285717,0.5363520383834839,0.534913969039917,0.640350878238678,0.2470180988311767,0.6422338485717773,0.7663028240203857,0.7384672164916992,0.5284689664840698
exp_1_default_parity_multitask,all_targets,1,5,310.25,0.5271732807159424,0.5367721418539683,0.6719298362731934,0.2714155316352844,0.6630630493164062,0.7931677103042603,0.7723853588104248,0.5113891363143921
exp_1_default_parity_multitask,all_targets,1,6,366.14285714285717,0.5154657959938049,0.5065049886703491,0.6912280917167664,0.2852134704589844,0.6965517401695251,0.8137942552566528,0.7964543104171753,0.4994639158248901
exp_1_default_parity_multitask,all_targets,1,7,420.25,0.5042294263839722,0.5056766470273336,0.7140350937843323,0.2925657033920288,0.6930320262908936,0.8272908926010132,0.8127054572105408,0.5007694363594055
exp_1_default_parity_multitask,all_targets,1,8,476.14285714285717,0.4931808114051819,0.5085264503955841,0.7035087943077087,0.3073707818984985,0.7081174254417419,0.8218841552734375,0.8072637915611267,0.4897679388523102
exp_1_default_parity_multitask,all_targets,1,9,530.25,0.4892190992832184,0.49195832510789234,0.7140350937843323,0.3264409303665161,0.7135325074195862,0.8321336507797241,0.8187011480331421,0.4775129854679107
exp_1_default_parity_multitask,all_targets,1,10,586.1428571428571,0.4746703505516052,0.4543938100337982,0.7315789461135864,0.3454673290252685,0.7384615540504456,0.8507024049758911,0.8399384617805481,0.4575536847114563
exp_1_default_parity_multitask,all_targets,1,11,640.25,0.4657328128814697,0.46604842444260913,0.6964912414550781,0.3462443351745605,0.7032589912414551,0.8364382982254028,0.8235149383544922,0.4634595513343811
exp_1_default_parity_multitask,all_targets,1,12,696.1428571428571,0.4650416076183319,0.4928558111190796,0.7280701994895935,0.3445490598678589,0.7124304175376892,0.8427832126617432,0.8311972618103027,0.4711591899394989
exp_1_default_parity_multitask,all_targets,1,13,750.25,0.4490405321121216,0.4420756498972575,0.7087719440460205,0.3584351539611816,0.7056737542152405,0.8421701192855835,0.8328592777252197,0.4655387997627258
exp_1_default_parity_multitask,all_targets,1,14,806.1428571428571,0.4445731937885284,0.42625607252120973,0.7122806906700134,0.3715267181396484,0.7132866978645325,0.8499330282211304,0.8383256196975708,0.4579562544822693
exp_1_default_parity_multitask,all_targets,1,15,860.25,0.4416541457176208,0.44278739392757416,0.7175438404083252,0.3847225904464721,0.70566725730896,0.8640965223312378,0.8552293181419373,0.4368179142475128
exp_1_default_parity_multitask,all_targets,1,16,916.1428571428571,0.4358381032943725,0.4187091886997223,0.7561403512954712,0.3851152658462524,0.7440147399902344,0.8779565095901489,0.8696706891059875,0.4305377900600433
exp_1_default_parity_multitask,all_targets,1,17,970.25,0.4244860112667084,0.44472672045230865,0.761403501033783,0.4073002338409424,0.7733333110809326,0.8773119449615479,0.8656202554702759,0.4283095896244049
exp_1_default_parity_multitask,all_targets,1,18,1026.142857142857,0.4185677170753479,0.435709810256958,0.7666666507720947,0.3955755233764648,0.7532467246055603,0.87811279296875,0.8716527819633484,0.4300935864448547
exp_1_default_parity_multitask,all_targets,1,19,1080.25,0.4108180105686188,0.4212135374546051,0.7789473533630371,0.4264990091323852,0.7849829196929932,0.8914250135421753,0.8817235827445984,0.4093168973922729
exp_1_default_parity_multitask,all_targets,1,20,1136.142857142857,0.4046912491321563,0.4122734546661377,0.780701756477356,0.4458464384078979,0.778761088848114,0.8966386318206787,0.8891104459762573,0.4006503522396087
exp_1_default_parity_multitask,all_targets,1,21,1190.25,0.401828408241272,0.40209972361723584,0.7631579041481018,0.4141074419021606,0.7746243476867676,0.8790091276168823,0.8715420365333557,0.430934339761734
exp_1_default_parity_multitask,all_targets,1,22,1246.142857142857,0.396509975194931,0.39189441204071046,0.7666666507720947,0.4390302896499634,0.7694973945617676,0.8920843601226807,0.885958731174469,0.4058653712272644
exp_1_default_parity_multitask,all_targets,1,23,1300.25,0.3925608694553375,0.39746711651484173,0.7894737124443054,0.4522225856781006,0.7785977721214294,0.8974111080169678,0.8914496898651123,0.3984619677066803
exp_1_default_parity_multitask,all_targets,1,24,1356.142857142857,0.3827036917209625,0.36144221425056455,0.8052631616592407,0.4641010761260986,0.800000011920929,0.9019097685813904,0.8980733156204224,0.3886333107948303
exp_1_default_parity_multitask,all_targets,1,25,1410.25,0.3818126022815704,0.3755686382452647,0.8157894611358643,0.4455225467681885,0.8192771077156067,0.904327392578125,0.8982086777687073,0.3941318988800049
exp_1_default_parity_multitask,all_targets,1,26,1466.142857142857,0.3767508268356323,0.4158622622489929,0.7929824590682983,0.4755535125732422,0.7862318754196167,0.8990621566772461,0.8952293395996094,0.3913615047931671
exp_1_default_parity_multitask,all_targets,1,27,1520.25,0.3731260001659393,0.3593425105015437,0.780701756477356,0.4678187370300293,0.7877758741378784,0.9023990631103516,0.8959187865257263,0.3906219899654388
exp_1_default_parity_multitask,all_targets,1,28,1576.142857142857,0.3690928220748901,0.3779951453208923,0.8052631616592407,0.473396897315979,0.7970749735832214,0.9001210927963257,0.8963619470596313,0.3940475285053253
exp_1_default_parity_multitask,all_targets,1,29,1630.25,0.3667868375778198,0.35824862122535706,0.7929824590682983,0.4787071943283081,0.7870036363601685,0.9022985696792604,0.8957464098930359,0.3896835446357727
exp_1_default_parity_multitask,all_targets,1,30,1686.142857142857,0.3629642724990845,0.36088460087776186,0.8157894611358643,0.4843778610229492,0.8121646046638489,0.9092516899108888,0.9046722054481506,0.3783504366874695
exp_1_default_parity_multitask,all_targets,1,31,1740.25,0.3559815883636474,0.36866840223471325,0.8017544150352478,0.4800167083740234,0.7903525233268738,0.9087258577346802,0.905127763748169,0.3803909420967102
exp_1_default_parity_multitask,all_targets,1,32,1796.142857142857,0.3536851704120636,0.3789634644985199,0.7982456088066101,0.4867100715637207,0.7993019223213196,0.9012216329574584,0.8986518979072571,0.3915648758411407
exp_1_default_parity_multitask,all_targets,1,33,1850.25,0.3523019850254059,0.35923291246096295,0.8035087585449219,0.4872615337371826,0.800000011920929,0.9090116024017334,0.9037488102912904,0.3796454668045044
exp_1_default_parity_multitask,all_targets,1,34,1906.142857142857,0.3523043096065521,0.3469059646129608,0.7877193093299866,0.474590539932251,0.7835420370101929,0.899578332901001,0.89398592710495,0.3914462924003601
exp_1_default_parity_multitask,all_targets,1,35,1960.25,0.3438232839107513,0.3572593679030736,0.8035087585449219,0.4922621250152588,0.800000011920929,0.909377098083496,0.9039827585220336,0.3766888082027435
exp_1_default_parity_multitask,all_targets,1,36,2016.142857142857,0.3384659886360168,0.3443593323230743,0.8017544150352478,0.4744149446487427,0.8007054924964905,0.8976333141326904,0.8917205333709717,0.3985863327980041
exp_1_default_parity_multitask,all_targets,1,37,2070.25,0.3358786106109619,0.337155818939209,0.8087719082832336,0.5091624855995178,0.8143100738525391,0.910119891166687,0.9052385687828064,0.3791500627994537
exp_1_default_parity_multitask,all_targets,1,38,2126.1428571428573,0.3320374488830566,0.3070685803890228,0.7929824590682983,0.5028995871543884,0.7937062978744507,0.9060789346694946,0.9019020795822144,0.3808324933052063
exp_1_default_parity_multitask,all_targets,1,39,2180.25,0.3347484171390533,0.3152444064617157,0.8087719082832336,0.5005834102630615,0.8057041168212891,0.9115492105484008,0.9060018658638,0.3742276728153229
exp_1_default_parity_multitask,all_targets,1,40,2236.1428571428573,0.3290897607803345,0.3142060220241546,0.8175438642501831,0.5098013281822205,0.8142856955528259,0.9085969924926758,0.9039582014083862,0.3797157108783722
exp_1_default_parity_multitask,all_targets,1,41,2290.25,0.3245999813079834,0.2990006233255068,0.8017544150352478,0.5035929083824158,0.8081493973731995,0.907179832458496,0.9018651843070984,0.3824075162410736
exp_1_default_parity_multitask,all_targets,1,42,2346.1428571428573,0.323597103357315,0.3345025837421417,0.819298267364502,0.5192754864692688,0.8239316344261169,0.913053035736084,0.908894956111908,0.3728187382221222
exp_1_default_parity_multitask,all_targets,1,43,2400.25,0.3224218189716339,0.31092017889022827,0.8035087585449219,0.5126031041145325,0.8041958212852478,0.9089385271072388,0.9047337770462036,0.3792398571968078
exp_1_default_parity_multitask,all_targets,1,44,2456.1428571428573,0.3212229907512665,0.31174770593643186,0.8035087585449219,0.5109433531761169,0.7978339195251465,0.9081063270568848,0.9036626815795898,0.3811535537242889
exp_1_default_parity_multitask,all_targets,1,45,2510.25,0.316005676984787,0.2956109618147214,0.8105263113975525,0.5149607062339783,0.8057553768157959,0.907920241355896,0.904167413711548,0.3794518113136291
exp_1_default_parity_multitask,all_targets,1,46,2566.1428571428573,0.3168224990367889,0.31716084480285645,0.8105263113975525,0.5142989754676819,0.8098591566085815,0.910171389579773,0.9067158699035645,0.3728409707546234
exp_1_default_parity_multitask,all_targets,1,47,2620.25,0.3142324984073639,0.33330289522806805,0.8035087585449219,0.5017569065093994,0.8055555820465088,0.905217170715332,0.8994275331497192,0.3840614259243011
exp_1_default_parity_multitask,all_targets,1,48,2676.1428571428573,0.3104200661182403,0.318495100736618,0.8017544150352478,0.5153880715370178,0.8007054924964905,0.9098989963531494,0.905755579471588,0.3764181435108185
exp_1_default_parity_multitask,all_targets,1,49,2730.25,0.3073322176933288,0.3236245612303416,0.7947368621826172,0.5094848871231079,0.7914438247680664,0.9037727117538452,0.898245632648468,0.3904590606689453
exp_1_default_parity_multitask,all_targets,1,50,2786.1428571428573,0.3078787326812744,0.29707348346710205,0.8140350580215454,0.5150786638259888,0.8140350580215454,0.909247636795044,0.9044260382652284,0.3765771090984344
exp_1_default_parity_multitask,all_targets,1,51,2840.25,0.3057283759117126,0.31391319632530207,0.8017544150352478,0.5143277049064636,0.7985739707946777,0.9059790372848512,0.9012126922607422,0.3863646388053894
exp_1_default_parity_multitask,all_targets,1,52,2896.1428571428573,0.3019376695156097,0.30974461436271666,0.8157894611358643,0.525532066822052,0.8114901185035706,0.9112167358398438,0.9066173434257508,0.3765472173690796
exp_1_default_parity_multitask,all_targets,2,0,36.142857142857146,0.693062424659729,0.6918090462684632,0.5789473652839661,0.0025765895843505,0.577464759349823,0.5315579771995544,0.5373161435127258,0.690930187702179
exp_1_default_parity_multitask,all_targets,2,1,90.25,0.6478486657142639,0.6304453909397125,0.5789473652839661,0.0974517464637756,0.5180723071098328,0.5885154008865356,0.6191689968109131,0.702542781829834
exp_1_default_parity_multitask,all_targets,2,2,146.14285714285714,0.5842605233192444,0.6068381428718567,0.6105263233184814,0.1873801946640014,0.6105263233184814,0.7090218663215637,0.6884333491325378,0.5765798091888428
exp_1_default_parity_multitask,all_targets,2,3,200.25,0.5476126074790955,0.5681196947892507,0.6333333253860474,0.1996251940727234,0.6729264259338379,0.7319340705871582,0.7084272503852844,0.562970757484436
exp_1_default_parity_multitask,all_targets,2,4,256.14285714285717,0.5338777303695679,0.541904878616333,0.621052622795105,0.2152429819107055,0.573122501373291,0.7436774969100952,0.7120221853256226,0.5637033581733704
exp_1_default_parity_multitask,all_targets,2,5,310.25,0.527707576751709,0.5018729269504547,0.6315789222717285,0.2242046594619751,0.6096654534339905,0.7422950267791748,0.71213299036026,0.584429144859314
exp_1_default_parity_multitask,all_targets,2,6,366.14285714285717,0.5247442126274109,0.5143104076385498,0.6578947305679321,0.2338586449623108,0.642201840877533,0.7596726417541504,0.735032320022583,0.5399885177612305
exp_1_default_parity_multitask,all_targets,2,7,420.25,0.5064446926116943,0.5055956045786539,0.6368421316146851,0.2444119453430175,0.6057142615318298,0.7570867538452148,0.7350938320159912,0.5476256608963013
exp_1_default_parity_multitask,all_targets,2,8,476.14285714285717,0.4987496733665466,0.4895671188831329,0.659649133682251,0.2582490444183349,0.6870967745780945,0.7739044427871704,0.7562450170516968,0.5409283638000488
exp_1_default_parity_multitask,all_targets,2,9,530.25,0.4919365644454956,0.48605072498321533,0.6877192854881287,0.2783787250518799,0.6798561215400696,0.7999950647354126,0.7892274856567383,0.514011561870575
exp_1_default_parity_multitask,all_targets,2,10,586.1428571428571,0.4743864834308624,0.4823442280292511,0.680701732635498,0.2880012989044189,0.6795774698257446,0.7996726036071777,0.7827270030975342,0.5178214311599731
exp_1_default_parity_multitask,all_targets,2,11,640.25,0.4694510102272033,0.4614640523989995,0.7087719440460205,0.3110628724098205,0.6937269568443298,0.8184254169464111,0.8064389228820801,0.5003271102905273
exp_1_default_parity_multitask,all_targets,2,12,696.1428571428571,0.4629502892494201,0.455817437171936,0.7175438404083252,0.3128235340118408,0.7209705114364624,0.8176178932189941,0.8058479428291321,0.5017892122268677
exp_1_default_parity_multitask,all_targets,2,13,750.25,0.452900618314743,0.45952583352724713,0.719298243522644,0.333259105682373,0.7368420958518982,0.8296383619308472,0.8194644451141357,0.490381509065628
exp_1_default_parity_multitask,all_targets,2,14,806.1428571428571,0.4436767995357513,0.4383885145187378,0.7157894968986511,0.344057559967041,0.70652174949646,0.8419029712677002,0.8310372233390808,0.4718776345252991
exp_1_default_parity_multitask,all_targets,2,15,860.25,0.431996613740921,0.4377404749393463,0.7210526466369629,0.3626422882080078,0.7195767164230347,0.8477251529693604,0.8352969884872437,0.4711951017379761
exp_1_default_parity_multitask,all_targets,2,16,916.1428571428571,0.4293326437473297,0.43831520676612856,0.74210524559021,0.3671152591705322,0.7478559017181396,0.8590496778488159,0.845761775970459,0.4563586413860321
exp_1_default_parity_multitask,all_targets,2,17,970.25,0.4190629124641418,0.4222692896922429,0.7438596487045288,0.3703033924102783,0.741134762763977,0.8595902919769287,0.8475222587585449,0.456348180770874
exp_1_default_parity_multitask,all_targets,2,18,1026.142857142857,0.4108743965625763,0.4452997922897339,0.761403501033783,0.3759478330612182,0.7571428418159485,0.85927414894104,0.8473130464553833,0.4559195935726166
exp_1_default_parity_multitask,all_targets,2,19,1080.25,0.408200591802597,0.4069531460603078,0.7561403512954712,0.3869800567626953,0.751341700553894,0.8677408695220947,0.8575931191444397,0.4420449137687683
exp_1_default_parity_multitask,all_targets,2,20,1136.142857142857,0.4055671393871307,0.3849042236804962,0.7649123072624207,0.3982266187667846,0.7572463750839233,0.8688467741012573,0.8611388206481934,0.4407739341259002
exp_1_default_parity_multitask,all_targets,2,21,1190.25,0.3976852297782898,0.40608731905619305,0.75789475440979,0.4017207622528076,0.7612456679344177,0.8693572282791138,0.8582825660705566,0.4416601657867431
exp_1_default_parity_multitask,all_targets,2,22,1246.142857142857,0.3934828639030456,0.40246049761772157,0.7561403512954712,0.4040130376815796,0.7531083226203918,0.8705590963363647,0.8610280156135559,0.4377663731575012
exp_1_default_parity_multitask,all_targets,2,23,1300.25,0.3863309323787689,0.41972652077674866,0.7666666507720947,0.4122453927993774,0.7612208127975464,0.8764334917068481,0.8683041334152222,0.4321213364601135
exp_1_default_parity_multitask,all_targets,2,24,1356.142857142857,0.3847537040710449,0.3804528594017028,0.780701756477356,0.4193785190582275,0.7803163528442383,0.8771860599517822,0.868722677230835,0.4281791150569916
exp_1_default_parity_multitask,all_targets,2,25,1410.25,0.3733605444431305,0.3650419662396112,0.7456140518188477,0.411996841430664,0.7442680597305298,0.8689068555831909,0.8578023910522461,0.4432091414928436
exp_1_default_parity_multitask,all_targets,2,26,1466.142857142857,0.3690879642963409,0.3583743810653687,0.7789473533630371,0.4278792142868042,0.7781690359115601,0.8807854652404785,0.8719728589057922,0.4234592914581299
exp_1_default_parity_multitask,all_targets,2,27,1520.25,0.3660403192043304,0.34537429610888165,0.7315789461135864,0.4211968183517456,0.7292035222053528,0.8700056076049805,0.8584179282188416,0.4436071217060089
exp_1_default_parity_multitask,all_targets,2,28,1576.142857142857,0.368394523859024,0.35834347009658807,0.7666666507720947,0.4260169267654419,0.7646017670631409,0.8762788772583008,0.8656941056251526,0.4329490661621094
exp_1_default_parity_multitask,all_targets,2,29,1630.25,0.3610562682151794,0.3600573887427647,0.7736842036247253,0.4305821657180786,0.7764298319816589,0.8799797296524048,0.8687596321105957,0.4254478216171264
exp_1_default_parity_multitask,all_targets,2,30,1686.142857142857,0.3608434200286865,0.35116356015205386,0.777193009853363,0.4376208782196045,0.7798960208892822,0.8818379640579224,0.8727608919143677,0.4225907027721405
exp_1_default_parity_multitask,all_targets,2,31,1740.25,0.3505422174930572,0.35584719975789386,0.7596490979194641,0.4312517642974853,0.7609075307846069,0.8748788833618164,0.8643028736114502,0.4347129464149475
exp_1_default_parity_multitask,all_targets,2,32,1796.142857142857,0.3511096537113189,0.368733161687851,0.7649123072624207,0.440109372138977,0.769759476184845,0.8817188739776611,0.8734748959541321,0.4231694340705871
exp_1_default_parity_multitask,all_targets,2,33,1850.25,0.3453096449375152,0.3428318500518799,0.75789475440979,0.4448733329772949,0.7595818638801575,0.8810455799102783,0.8710372447967529,0.4314077794551849
exp_1_default_parity_multitask,all_targets,2,34,1906.142857142857,0.34204763174057,0.33554642796516415,0.7543859481811523,0.4448971748352051,0.757785439491272,0.8797268867492676,0.8693505525588989,0.4320789277553558
exp_1_default_parity_multitask,all_targets,2,35,1960.25,0.341646671295166,0.36185470720132185,0.7508772015571594,0.4483089447021484,0.751748263835907,0.88201904296875,0.8708525896072388,0.4283569455146789
exp_1_default_parity_multitask,all_targets,2,36,2016.142857142857,0.3381448686122894,0.3604883253574371,0.777193009853363,0.4512472152709961,0.7736185193061829,0.8830972909927368,0.8750507831573486,0.4229913651943207
exp_1_default_parity_multitask,all_targets,2,37,2070.25,0.3369043171405792,0.3447260707616806,0.7736842036247253,0.4549152851104736,0.7748690843582153,0.8882558345794678,0.8776238560676575,0.4183790385723114
exp_1_default_parity_multitask,all_targets,2,38,2126.1428571428573,0.3307310044765472,0.2986262321472168,0.761403501033783,0.4625759124755859,0.7638888955116272,0.8837035894393921,0.8757402300834656,0.4273198544979095
exp_1_default_parity_multitask,all_targets,2,39,2180.25,0.3320677578449249,0.3459799488385518,0.7666666507720947,0.4582332372665405,0.7694973945617676,0.8865760564804077,0.8787688612937927,0.4226514399051666
exp_1_default_parity_multitask,all_targets,2,40,2236.1428571428573,0.3286764919757843,0.3540528059005737,0.75789475440979,0.4586175680160522,0.7587412595748901,0.8839931488037109,0.8744721412658691,0.4273236095905304
exp_1_default_parity_multitask,all_targets,2,41,2290.25,0.3249992430210113,0.28885624806086224,0.7719298005104065,0.455889344215393,0.7703180313110352,0.8819155693054199,0.874915361404419,0.42598956823349
exp_1_default_parity_multitask,all_targets,2,42,2346.1428571428573,0.3232590854167938,0.33685722947120667,0.7964912056922913,0.4694608449935913,0.7986111044883728,0.8910913467407227,0.8842597603797913,0.4125160574913025
exp_1_default_parity_multitask,all_targets,2,43,2400.25,0.3204822838306427,0.3139071414868037,0.7824561595916748,0.4679402112960815,0.7898305058479309,0.8910304307937622,0.8830409646034241,0.4165545403957367
exp_1_default_parity_multitask,all_targets,2,44,2456.1428571428573,0.3205063939094543,0.31828166246414186,0.7631579041481018,0.462459921836853,0.7700170278549194,0.8855383396148682,0.876885175704956,0.4304439127445221
exp_1_default_parity_multitask,all_targets,2,45,2510.25,0.3159155249595642,0.3325890103975932,0.7736842036247253,0.4673306941986084,0.7748690843582153,0.8848756551742554,0.8774884343147278,0.4270952641963959
exp_1_default_parity_multitask,all_targets,2,46,2566.1428571428573,0.3163993060588836,0.3051652669906616,0.7789473533630371,0.4670193195343017,0.7820069193840027,0.8891023397445679,0.8820559978485107,0.4169930219650268
exp_1_default_parity_multitask,all_targets,2,47,2620.25,0.314441055059433,0.2949705546100934,0.7736842036247253,0.4730123281478882,0.7740805745124817,0.8879802227020264,0.881415843963623,0.4199090898036957
exp_1_default_parity_multitask,all_targets,2,48,2676.1428571428573,0.3109742999076843,0.3055208504199981,0.7649123072624207,0.4708242416381836,0.759856641292572,0.8868627548217773,0.8794090151786804,0.4267691373825073
exp_1_default_parity_multitask,all_targets,2,49,2730.25,0.3107181787490845,0.34958692888418835,0.777193009853363,0.4663780927658081,0.7775831818580627,0.887618899345398,0.8820559978485107,0.418440580368042
exp_1_default_parity_multitask,all_targets,2,50,2786.1428571428573,0.309562623500824,0.3013516962528229,0.7842105031013489,0.4654651880264282,0.7838312983512878,0.8863835334777832,0.8802708387374878,0.4252560436725616
exp_1_default_parity_multitask,all_targets,2,51,2840.25,0.3094658851623535,0.31490035851796466,0.7789473533630371,0.4713248014450073,0.7797203063964844,0.8871492147445679,0.8812434077262878,0.4247955679893493
exp_1_default_parity_multitask,all_targets,2,52,2896.1428571428573,0.306217223405838,0.3144716680049896,0.7789473533630371,0.4712429046630859,0.784246563911438,0.8872591257095337,0.8793843984603882,0.4269701540470123
exp_1_default_parity_multitask,all_targets,3,0,36.142857142857146,0.6926471590995789,0.6939836382865906,0.5105262994766235,0.0047475099563598,0.6713780760765076,0.6343221664428711,0.6078054904937744,0.6889523267745972
exp_1_default_parity_multitask,all_targets,3,1,90.25,0.6545191407203674,0.6441134313742319,0.5736842155456543,0.1181214451789856,0.5652951598167419,0.6944255232810974,0.6625300049781799,0.6206468343734741
exp_1_default_parity_multitask,all_targets,3,2,146.14285714285714,0.5925655364990234,0.5915969133377075,0.6070175170898438,0.1847124695777893,0.6433120965957642,0.7137541770935059,0.6791505217552185,0.5843385457992554
exp_1_default_parity_multitask,all_targets,3,3,200.25,0.556115984916687,0.5514041781425476,0.5964912176132202,0.2120741605758667,0.6114864945411682,0.7338920831680298,0.6988489031791687,0.5481206178665161
exp_1_default_parity_multitask,all_targets,3,4,256.14285714285717,0.5391120314598083,0.5574524164199829,0.640350878238678,0.2437961101531982,0.626593828201294,0.7599763870239258,0.7337272763252258,0.5336410999298096
exp_1_default_parity_multitask,all_targets,3,5,310.25,0.5304809808731079,0.5315283934275309,0.6385964751243591,0.2391905188560485,0.5944882035255432,0.7556488513946533,0.7309694886207581,0.5426299571990967
exp_1_default_parity_multitask,all_targets,3,6,366.14285714285717,0.5211042761802673,0.5207732141017913,0.6771929860115051,0.2550512552261352,0.6260162591934204,0.785036563873291,0.7630409002304077,0.5316470861434937
exp_1_default_parity_multitask,all_targets,3,7,420.25,0.5138445496559143,0.5123148312171301,0.6894736886024475,0.2770609259605407,0.6984667778015137,0.8126271963119507,0.794213593006134,0.5052105784416199
exp_1_default_parity_multitask,all_targets,3,8,476.14285714285717,0.4981440603733063,0.4924205422401428,0.6666666865348816,0.2815191149711609,0.6557971239089966,0.7989404201507568,0.7803877592086792,0.5102497339248657
exp_1_default_parity_multitask,all_targets,3,9,530.25,0.4887358844280243,0.49333976705869037,0.678947389125824,0.2737244367599487,0.6702702641487122,0.7842952013015747,0.7644075155258179,0.5258105993270874
exp_1_default_parity_multitask,all_targets,3,10,586.1428571428571,0.474957674741745,0.47837854027748106,0.7210526466369629,0.314892053604126,0.7406198978424072,0.8372924327850342,0.8242412805557251,0.4820449650287628
exp_1_default_parity_multitask,all_targets,3,11,640.25,0.4662002027034759,0.4651467849810918,0.7035087943077087,0.3091354370117187,0.7060869336128235,0.8089460134506226,0.7979070544242859,0.5004168152809143
exp_1_default_parity_multitask,all_targets,3,12,696.1428571428571,0.4600062966346741,0.45798654556274415,0.7070175409317017,0.3296316862106323,0.7085514664649963,0.8190222978591919,0.8060818910598755,0.5013055801391602
exp_1_default_parity_multitask,all_targets,3,13,750.25,0.4542122781276703,0.44043483833471936,0.7280701994895935,0.3486182689666748,0.7207207083702087,0.8468096256256104,0.8350385427474976,0.4620620906352997
exp_1_default_parity_multitask,all_targets,3,14,806.1428571428571,0.4433416426181793,0.4415374755859375,0.6894736886024475,0.3257499933242798,0.7186009287834167,0.8188683986663818,0.802092969417572,0.5009743571281433
exp_1_default_parity_multitask,all_targets,3,15,860.25,0.4369317889213562,0.41944168508052826,0.7245613932609558,0.3630157709121704,0.7140254974365234,0.8509770631790161,0.8399507403373718,0.4592093527317047
exp_1_default_parity_multitask,all_targets,3,16,916.1428571428571,0.4311785399913788,0.42318753600120546,0.7438596487045288,0.3714685440063476,0.7533783912658691,0.8590118885040283,0.8484333753585815,0.4564729332923889
exp_1_default_parity_multitask,all_targets,3,17,970.25,0.4230192005634308,0.42638205488522846,0.7333333492279053,0.3666400909423828,0.7516340017318726,0.8416925668716431,0.8337703943252563,0.4721096754074096
exp_1_default_parity_multitask,all_targets,3,18,1026.142857142857,0.4111633598804474,0.40437588691711424,0.7508772015571594,0.3908120393753052,0.7551724314689636,0.8582373857498169,0.8529147505760193,0.4467948973178863
exp_1_default_parity_multitask,all_targets,3,19,1080.25,0.4104310572147369,0.4139895737171173,0.7526316046714783,0.387809157371521,0.753926694393158,0.8675296306610107,0.8577408194541931,0.4409325122833252
exp_1_default_parity_multitask,all_targets,3,20,1136.142857142857,0.399098128080368,0.43297014832496644,0.7491227984428406,0.3919640779495239,0.7659574747085571,0.8583831787109375,0.8495290279388428,0.4593730866909027
exp_1_default_parity_multitask,all_targets,3,21,1190.25,0.4046351611614227,0.43143710494041443,0.75789475440979,0.4118973016738891,0.7661017179489136,0.8715560436248779,0.8685011267662048,0.4344066083431244
exp_1_default_parity_multitask,all_targets,3,22,1246.142857142857,0.3940050303936004,0.3882358014583588,0.7456140518188477,0.4010109901428222,0.7415329813957214,0.8645907640457153,0.8559310436248779,0.4510813951492309
exp_1_default_parity_multitask,all_targets,3,23,1300.25,0.3850882649421692,0.3601318299770355,0.777193009853363,0.4249985218048095,0.7836456298828125,0.8747220039367676,0.8685134053230286,0.4380420744419098
exp_1_default_parity_multitask,all_targets,3,24,1356.142857142857,0.3821325004100799,0.3772351741790771,0.75789475440979,0.4276695251464844,0.7587412595748901,0.8746562004089355,0.8673560619354248,0.4371369779109955
exp_1_default_parity_multitask,all_targets,3,25,1410.25,0.3773783147335052,0.38880765934785205,0.738596498966217,0.4066958427429199,0.7324954867362976,0.8574322462081909,0.8486303687095642,0.4647566378116607
exp_1_default_parity_multitask,all_targets,3,26,1466.142857142857,0.3772734105587005,0.34874229431152337,0.75789475440979,0.4254183769226074,0.7612456679344177,0.8734081983566284,0.8673437833786011,0.4374642074108124
exp_1_default_parity_multitask,all_targets,3,27,1520.25,0.3700034916400909,0.3678724219401677,0.7543859481811523,0.4160000085830688,0.7594501972198486,0.860706090927124,0.8514619469642639,0.4666841328144073
exp_1_default_parity_multitask,all_targets,3,28,1576.142857142857,0.3686735332012176,0.38997419476509093,0.7842105031013489,0.4409300088882446,0.7783783674240112,0.8840079307556152,0.8770205974578857,0.4264899492263794
exp_1_default_parity_multitask,all_targets,3,29,1630.25,0.3639296889305115,0.37282607952753705,0.780701756477356,0.4409363269805908,0.7731397747993469,0.8811942338943481,0.873130202293396,0.438287615776062
exp_1_default_parity_multitask,all_targets,3,30,1686.142857142857,0.3556029200553894,0.3251145541667938,0.7789473533630371,0.4426916837692261,0.7827585935592651,0.8722147941589355,0.8669129014015198,0.4604740738868713
exp_1_default_parity_multitask,all_targets,3,31,1740.25,0.3578816950321197,0.36622654398282367,0.7666666507720947,0.4300954341888428,0.7678883075714111,0.8691266775131226,0.8609910607337952,0.4590824544429779
exp_1_default_parity_multitask,all_targets,3,32,1796.142857142857,0.3557647168636322,0.3424286842346191,0.7666666507720947,0.4443932771682739,0.7757167220115662,0.8755584955215454,0.8684641718864441,0.4490999579429626
exp_1_default_parity_multitask,all_targets,3,33,1850.25,0.3504078388214111,0.3600953420003255,0.7754386067390442,0.4490559101104736,0.7746478915214539,0.8788843154907227,0.870938777923584,0.4456945955753326
exp_1_default_parity_multitask,all_targets,3,34,1906.142857142857,0.3497828841209411,0.3383730828762054,0.7929824590682983,0.4608405828475952,0.7937062978744507,0.8869798183441162,0.8819575309753418,0.4284471273422241
exp_1_default_parity_multitask,all_targets,3,35,1960.25,0.3424366414546966,0.343197762966156,0.7754386067390442,0.4440115690231323,0.7777777910232544,0.8708175420761108,0.8618159890174866,0.4635487198829651
exp_1_default_parity_multitask,all_targets,3,36,2016.142857142857,0.3408640921115875,0.33937170207500456,0.7736842036247253,0.4565516710281372,0.7708703279495239,0.8813167810440063,0.8728839755058289,0.4445520341396332
exp_1_default_parity_multitask,all_targets,3,37,2070.25,0.3411709666252136,0.35169874131679535,0.7684210538864136,0.4491599798202514,0.7708333134651184,0.8711627721786499,0.8665804862976074,0.461904913187027
exp_1_default_parity_multitask,all_targets,3,38,2126.1428571428573,0.3380909860134125,0.3317895412445068,0.777193009853363,0.45734703540802,0.7821612358093262,0.8795006275177002,0.8725268840789795,0.4442179501056671
exp_1_default_parity_multitask,all_targets,4,0,36.142857142857146,0.6928808689117432,0.6922203540802002,0.5,0.004271924495697,0.6666666865348816,0.6002824902534485,0.5504462718963623,0.6900981664657593
exp_1_default_parity_multitask,all_targets,4,1,90.25,0.6562094688415527,0.6565352380275726,0.621052622795105,0.1476314663887024,0.6766467094421387,0.7048417925834656,0.6832501888275146,0.6088423728942871
exp_1_default_parity_multitask,all_targets,4,2,146.14285714285714,0.5758713483810425,0.582059669494629,0.6228070259094238,0.2045974135398864,0.5873320698738098,0.7324219942092896,0.7000430822372437,0.5707260966300964
exp_1_default_parity_multitask,all_targets,4,3,200.25,0.550112783908844,0.5623249709606171,0.6438596248626709,0.226897656917572,0.6599665284156799,0.7499839067459106,0.7276085019111633,0.5421437621116638
exp_1_default_parity_multitask,all_targets,4,4,256.14285714285717,0.5443030595779419,0.5447956681251526,0.6140350699424744,0.2259318232536316,0.5319148898124695,0.7347161769866943,0.7040197253227234,0.5416852831840515
exp_1_default_parity_multitask,all_targets,4,5,310.25,0.5307742953300476,0.5243125657240549,0.6438596248626709,0.2433459162712097,0.6599665284156799,0.7565170526504517,0.7312280535697937,0.5437023043632507
exp_1_default_parity_multitask,all_targets,4,6,366.14285714285717,0.525301456451416,0.5171485364437103,0.6438596248626709,0.2501763105392456,0.6842923760414124,0.761411190032959,0.7332717776298523,0.5383058190345764
exp_1_default_parity_multitask,all_targets,4,7,420.25,0.5188699960708618,0.5251037577788035,0.6684210300445557,0.2547571659088135,0.6440678238868713,0.7719143629074097,0.7483410239219666,0.5241435766220093
exp_1_default_parity_multitask,all_targets,4,8,476.14285714285717,0.5062410235404968,0.5028169095516205,0.6666666865348816,0.2780762314796448,0.688524603843689,0.7929476499557495,0.7682363986968994,0.5149876475334167
exp_1_default_parity_multitask,all_targets,4,9,530.25,0.4956406056880951,0.48733942707379657,0.6964912414550781,0.3022947311401367,0.6692160367965698,0.8227552175521851,0.8074854016304016,0.4907518327236175
exp_1_default_parity_multitask,all_targets,4,10,586.1428571428571,0.4818781018257141,0.4722627282142639,0.7087719440460205,0.3301615715026855,0.7097902297973633,0.8410547971725464,0.823268711566925,0.476044237613678
exp_1_default_parity_multitask,all_targets,4,11,640.25,0.4763965904712677,0.48556401828924817,0.7263157963752747,0.3217917680740356,0.7346938848495483,0.8293488025665283,0.817297637462616,0.4852074384689331
exp_1_default_parity_multitask,all_targets,4,12,696.1428571428571,0.4643732011318207,0.47823827266693114,0.7140350937843323,0.3373432159423828,0.6998158097267151,0.8329648971557617,0.817777693271637,0.4793092012405395
exp_1_default_parity_multitask,all_targets,4,13,750.25,0.448095291852951,0.4470270425081253,0.738596498966217,0.3661080598831177,0.7255985140800476,0.8523929119110107,0.8400246500968933,0.4647831916809082
exp_1_default_parity_multitask,all_targets,4,14,806.1428571428571,0.4484268426895141,0.42382829189300536,0.7298245429992676,0.3547755479812622,0.733564019203186,0.8443189859390259,0.8333024978637695,0.4691035151481628
exp_1_default_parity_multitask,all_targets,4,15,860.25,0.4358328878879547,0.4504372775554657,0.7017543911933899,0.3517268896102905,0.7068965435028076,0.8340691328048706,0.8203877806663513,0.4747137725353241
exp_1_default_parity_multitask,all_targets,4,16,916.1428571428571,0.4239661395549774,0.41514508724212645,0.7543859481811523,0.3836791515350342,0.7482014298439026,0.8527642488479614,0.8384733200073242,0.46949303150177
exp_1_default_parity_multitask,all_targets,4,17,970.25,0.420308381319046,0.4213236967722575,0.7368420958518982,0.4010039567947387,0.7191011309623718,0.8650243282318115,0.854108989238739,0.4448808133602142
exp_1_default_parity_multitask,all_targets,4,18,1026.142857142857,0.4140229225158691,0.44379669427871704,0.7368420958518982,0.3856946229934692,0.7292418479919434,0.8556387424468994,0.8437303304672241,0.456646203994751
exp_1_default_parity_multitask,all_targets,4,19,1080.25,0.4071561694145202,0.41214189926783235,0.7473683953285217,0.3997386693954468,0.7473683953285217,0.8640987873077393,0.8542566895484924,0.4465403258800506
exp_1_default_parity_multitask,all_targets,4,20,1136.142857142857,0.4011400938034057,0.41567015647888184,0.7754386067390442,0.4096760749816894,0.7730496525764465,0.8735095262527466,0.864684522151947,0.4362568855285644
exp_1_default_parity_multitask,all_targets,4,21,1190.25,0.3940684199333191,0.408076544602712,0.7508772015571594,0.4061391353607178,0.7593220472335815,0.8651777505874634,0.8548353314399719,0.4486872553825378
exp_1_default_parity_multitask,all_targets,4,22,1246.142857142857,0.3920682370662689,0.3905130445957184,0.7701754570007324,0.4157530069351196,0.7729635834693909,0.8774278163909912,0.8700277209281921,0.4305720031261444
exp_1_default_parity_multitask,all_targets,4,23,1300.25,0.3832807540893554,0.38404036064942676,0.7526316046714783,0.4181193113327026,0.7530648112297058,0.8661433458328247,0.8575191497802734,0.4537358283996582
exp_1_default_parity_multitask,all_targets,4,24,1356.142857142857,0.3745653629302978,0.35335430502891535,0.75789475440979,0.4299850463867187,0.7587412595748901,0.8751057386398315,0.8658787608146667,0.4338701069355011
exp_1_default_parity_multitask,all_targets,4,25,1410.25,0.3741140961647033,0.39386001725991565,0.7631579041481018,0.4379394054412842,0.76106196641922,0.8768583536148071,0.8696090579032898,0.4326620697975158
exp_1_default_parity_multitask,all_targets,4,26,1466.142857142857,0.3712224662303924,0.366117125749588,0.7543859481811523,0.4399327039718628,0.757785439491272,0.8764333724975586,0.8682178854942322,0.4315224289894104
exp_1_default_parity_multitask,all_targets,4,27,1520.25,0.3661383092403412,0.3554432938496272,0.7526316046714783,0.4352924823760986,0.7606111764907837,0.8760550022125244,0.8672575950622559,0.4337840974330902
exp_1_default_parity_multitask,all_targets,4,28,1576.142857142857,0.3631818890571594,0.3729951083660125,0.7666666507720947,0.451867938041687,0.7670753002166748,0.8851840496063232,0.8785964846611023,0.4181255996227264
exp_1_default_parity_multitask,all_targets,4,29,1630.25,0.3570461273193359,0.335473174850146,0.761403501033783,0.4414523839950561,0.7679181098937988,0.8757152557373047,0.8659279942512512,0.4415208101272583
exp_1_default_parity_multitask,all_targets,4,30,1686.142857142857,0.3610478639602661,0.3837854981422424,0.7596490979194641,0.4476608037948608,0.7666099071502686,0.8803807497024536,0.8710988163948059,0.430292010307312
exp_1_default_parity_multitask,all_targets,4,31,1740.25,0.3497276604175567,0.3507205893596013,0.7736842036247253,0.4517111778259277,0.7716814279556274,0.8802609443664551,0.8719483017921448,0.4326318204402923
exp_1_default_parity_multitask,all_targets,4,32,1796.142857142857,0.3471683263778686,0.3539921224117279,0.75789475440979,0.4485353231430053,0.7636986374855042,0.8719304800033569,0.8632071614265442,0.4557831287384033
exp_1_default_parity_multitask,all_targets,4,33,1850.25,0.346108466386795,0.3471425821383794,0.7701754570007324,0.4654399156570434,0.775300145149231,0.8885624408721924,0.8797906041145325,0.4176290929317474
exp_1_default_parity_multitask,all_targets,4,34,1906.142857142857,0.3401406407356262,0.3207631051540375,0.7631579041481018,0.4439533948898315,0.7660312056541443,0.8724830150604248,0.8641797304153442,0.4470199644565582
exp_1_default_parity_multitask,all_targets,4,35,1960.25,0.3396788239479065,0.3335195978482564,0.7543859481811523,0.4452002048492431,0.7508896589279175,0.8751379251480103,0.8669498562812805,0.4472069442272186
exp_1_default_parity_multitask,all_targets,4,36,2016.142857142857,0.333491563796997,0.34251339435577394,0.7789473533630371,0.4652591943740845,0.7849829196929932,0.8831179141998291,0.8747307062149048,0.4359091818332672
exp_1_default_parity_multitask,all_targets,4,37,2070.25,0.3296342194080353,0.34478280941645306,0.7701754570007324,0.4667397737503052,0.7622504830360413,0.8835233449935913,0.8767989873886108,0.4361499845981598
exp_1_default_parity_multitask,all_targets,4,38,2126.1428571428573,0.3308361172676086,0.31085837483406065,0.7789473533630371,0.4624437093734741,0.7781690359115601,0.8821185827255249,0.873721182346344,0.4406591057777405
exp_1_default_parity_multitask,all_targets,4,39,2180.25,0.327550858259201,0.3386726230382919,0.7596490979194641,0.4683464765548706,0.7557932138442993,0.8833444118499756,0.8769590258598328,0.4297448396682739
exp_1_default_parity_multitask,all_targets,4,40,2236.1428571428573,0.3237902522087097,0.3107416987419128,0.7684210538864136,0.46600341796875,0.7573529481887817,0.8842560052871704,0.877106785774231,0.4359191954135895
exp_1_default_parity_multitask,all_targets,4,41,2290.25,0.319605141878128,0.33175776898860926,0.7684210538864136,0.4674979448318481,0.7747440338134766,0.8833221197128296,0.8745952844619751,0.4394713640213012
exp_1_default_parity_multitask,all_targets,4,42,2346.1428571428573,0.3198276460170746,0.3309727132320404,0.780701756477356,0.4668151140213012,0.7763863801956177,0.8806486129760742,0.8721452951431274,0.4480733275413513
exp_1_default_parity_multitask,all_targets,4,43,2400.25,0.3176616132259369,0.29537863035996753,0.7736842036247253,0.4836621284484863,0.7716814279556274,0.8882876634597778,0.8794583678245544,0.4331533312797546
